measure,spec,term,N,treated_obs,sd,tol,coef,se,p
n_policies,with,DDD_dev,16886001,8858,6.551646709442139,1e-06,0.07815760863125296,0.04669469445534893,0.09416979004213344
n_policies,with,DDD_adv,16886001,8858,6.551646709442139,1e-06,-0.018648295258276534,0.08472074455165428,0.8257816980295931
n_policies,with,IPxUS_dev,16886001,8858,6.551646709442139,1e-06,-0.05910059173392296,0.04725911584864081,0.21109326132767592
n_policies,with,IPxUS_adv,16886001,8858,6.551646709442139,1e-06,0.030356405768032325,0.04155091030485811,0.465033647950283
n_policies,with,IPxUS_chn,16886001,8858,6.551646709442139,1e-06,-0.019332551141368687,0.003635293342106904,1.0490437318821932e-07
n_policies,with,Dec_US_chn,16886001,8858,6.551646709442139,1e-06,-0.2489764676764133,0.09087083056396301,0.006145895224655806
n_policies,with,Adv_Dec_US,16886001,8858,6.551646709442139,1e-06,-0.11157820998550909,0.08204494726317926,0.17384118009919902
n_policies,without,DDD_dev,16886001,8858,6.551646709442139,1e-06,0.030670380273455183,0.034392440354335294,0.3725125812618688
n_policies,without,DDD_adv,16886001,8858,6.551646709442139,1e-06,0.00710137635566899,0.08579665530297899,0.9340345424476375
n_policies,without,IPxUS_chn,16886001,8858,6.551646709442139,1e-06,-0.019318758682671137,0.0036422662693072014,1.1326190274552062e-07
n_policies,without,Dec_US_chn,16886001,8858,6.551646709442139,1e-06,-0.2607757842202893,0.09037886286000744,0.003909631676554559
n_policies,without,Adv_Dec_US,16886001,8858,6.551646709442139,1e-06,-0.13371643751336743,0.08166239732985171,0.10154070968495521
n_sub,with,DDD_dev,16886001,847,98143.265625,1e-06,0.0005176819570712546,0.02065438596690388,0.9800038984961592
n_sub,with,DDD_adv,16886001,847,98143.265625,1e-06,0.028423751965554602,0.013487727955668449,0.03508475768033814
n_sub,with,IPxUS_dev,16886001,847,98143.265625,1e-06,-0.0038175132184001355,0.013875478651626694,0.7832189785959669
n_sub,with,IPxUS_adv,16886001,847,98143.265625,1e-06,0.003035287445951845,0.010014562605335954,0.7618232787046479
n_sub,with,IPxUS_chn,16886001,847,98143.265625,1e-06,-2.3547038472615753,0.6599629837049064,0.00035980818557179717
n_sub,with,Dec_US_chn,16886001,847,98143.265625,1e-06,-0.2954988972820808,0.07997217102667505,0.00021986811743768264
n_sub,with,Adv_Dec_US,16886001,847,98143.265625,1e-06,-0.15123138517047083,0.06910914107669568,0.028647913058950314
n_sub,without,DDD_dev,16886001,847,98143.265625,1e-06,-0.003291813198932738,0.017034189978906978,0.8467652058505444
n_sub,without,DDD_adv,16886001,847,98143.265625,1e-06,0.03145061752987604,0.009426521222570027,0.0008487185824119781
n_sub,without,IPxUS_chn,16886001,847,98143.265625,1e-06,-2.3547954353104417,0.6599514250252676,0.00035953197040572427
n_sub,without,Dec_US_chn,16886001,847,98143.265625,1e-06,-0.29559787188590025,0.07996201455462643,0.0002183955406325211
n_sub,without,Adv_Dec_US,16886001,847,98143.265625,1e-06,-0.1515249685674209,0.06910004200646734,0.028319292238859983
frac_policies,with,DDD_dev,16886001,8858,1.4106706380844116,1e-06,0.014036240000824696,0.0184726617085285,0.44735111243739256
frac_policies,with,DDD_adv,16886001,8858,1.4106706380844116,1e-06,-0.01573930098867266,0.04693522277581052,0.7373679259415598
frac_policies,with,IPxUS_dev,16886001,8858,1.4106706380844116,1e-06,-0.021283863866085523,0.022149016449600784,0.33658260948737384
frac_policies,with,IPxUS_adv,16886001,8858,1.4106706380844116,1e-06,-0.0069382747939204,0.010005581724912956,0.48803320365883196
frac_policies,with,IPxUS_chn,16886001,8858,1.4106706380844116,1e-06,-0.02248097119082312,0.00898238262994872,0.012322042354208973
frac_policies,with,Dec_US_chn,16886001,8858,1.4106706380844116,1e-06,-0.3121454966183867,0.09222559409726831,0.0007128556558655408
frac_policies,with,Adv_Dec_US,16886001,8858,1.4106706380844116,1e-06,-0.1295516135494717,0.07451247695956031,0.0820951755399959
frac_policies,without,DDD_dev,16886001,8858,1.4106706380844116,1e-06,-0.005291765944832696,0.017942898165885273,0.7680530170550228
frac_policies,without,DDD_adv,16886001,8858,1.4106706380844116,1e-06,-0.022105267590869355,0.046996092584753436,0.6380950178030234
frac_policies,without,IPxUS_chn,16886001,8858,1.4106706380844116,1e-06,-0.02222794485185778,0.008926736905754924,0.012772820028182474
frac_policies,without,Dec_US_chn,16886001,8858,1.4106706380844116,1e-06,-0.31760741601647796,0.09160666742347107,0.0005261501543627478
frac_policies,without,Adv_Dec_US,16886001,8858,1.4106706380844116,1e-06,-0.13285994602519005,0.0736990263269637,0.07142956167822345
frac_sub,with,DDD_dev,16886001,847,271.04046630859375,1e-06,-0.017223221167863942,0.025564518764816965,0.5004919910478882
frac_sub,with,DDD_adv,16886001,847,271.04046630859375,1e-06,0.023141533277423867,0.008694638180037443,0.0077773310413726815
frac_sub,with,IPxUS_dev,16886001,847,271.04046630859375,1e-06,0.01870217448831406,0.01696782395556437,0.27036861171961935
frac_sub,with,IPxUS_adv,16886001,847,271.04046630859375,1e-06,-0.0027567225434430155,0.007355406213086195,0.7078176784143531
frac_sub,with,IPxUS_chn,16886001,847,271.04046630859375,1e-06,-0.042449437061355184,0.024689433405028844,0.0855531687138793
frac_sub,with,Dec_US_chn,16886001,847,271.04046630859375,1e-06,-0.36663846838632497,0.08555623285573549,1.8245108545311695e-05
frac_sub,with,Adv_Dec_US,16886001,847,271.04046630859375,1e-06,-0.15148917608032286,0.06864645830379185,0.02732786005257659
frac_sub,without,DDD_dev,16886001,847,271.04046630859375,1e-06,0.0012684530539627782,0.020553179124098618,0.9507892673458787
frac_sub,without,DDD_adv,16886001,847,271.04046630859375,1e-06,0.020403951141760447,0.005098904609535823,6.29064958295178e-05
frac_sub,without,IPxUS_chn,16886001,847,271.04046630859375,1e-06,-0.042372835661244494,0.02465691172238363,0.08570595064984898
frac_sub,without,Dec_US_chn,16886001,847,271.04046630859375,1e-06,-0.36582103676053024,0.08550261275852149,1.88175691873127e-05
frac_sub,without,Adv_Dec_US,16886001,847,271.04046630859375,1e-06,-0.14965935883723555,0.06927293955888195,0.030739372535083076
share_n_policies,with,DDD_dev,16886001,8858,0.0006699582445435226,1e-06,0.06357657141300248,0.02124180028335554,0.002762555801293809
share_n_policies,with,DDD_adv,16886001,8858,0.0006699582445435226,1e-06,-0.020790230026887627,0.030443875884347736,0.4946678090653318
share_n_policies,with,IPxUS_dev,16886001,8858,0.0006699582445435226,1e-06,-0.05888802102365551,0.019550937175187796,0.0025950643705046073
share_n_policies,with,IPxUS_adv,16886001,8858,0.0006699582445435226,1e-06,0.006012589105830488,0.012548216619035553,0.6318256226315133
share_n_policies,with,IPxUS_chn,16886001,8858,0.0006699582445435226,1e-06,-0.08414690754937129,0.015765374429336447,9.426256220024243e-08
share_n_policies,with,Dec_US_chn,16886001,8858,0.0006699582445435226,1e-06,-0.23259747070943704,0.08760804370857163,0.007931346818691454
share_n_policies,with,Adv_Dec_US,16886001,8858,0.0006699582445435226,1e-06,-0.09340036146402705,0.07061065180317631,0.18591795605932293
share_n_policies,without,DDD_dev,16886001,8858,0.0006699582445435226,1e-06,0.005882240224587822,0.01646088487829243,0.7208323944145056
share_n_policies,without,DDD_adv,16886001,8858,0.0006699582445435226,1e-06,-0.014849662725079716,0.029785874024176696,0.6180984421264508
share_n_policies,without,IPxUS_chn,16886001,8858,0.0006699582445435226,1e-06,-0.08383728466834205,0.015793405671363545,1.1060824989250762e-07
share_n_policies,without,Dec_US_chn,16886001,8858,0.0006699582445435226,1e-06,-0.26632702152175813,0.08731482607990981,0.002286947868417988
share_n_policies,without,Adv_Dec_US,16886001,8858,0.0006699582445435226,1e-06,-0.13062541523212443,0.07011769890362834,0.06247000744768738
share_n_sub,with,DDD_dev,16886001,847,0.0037986398674547672,1e-06,-0.006588893107221568,0.03363147951170618,0.8446771200857426
share_n_sub,with,DDD_adv,16886001,847,0.0037986398674547672,1e-06,0.01005533247406762,0.01753044971530797,0.5662436655703504
share_n_sub,with,IPxUS_dev,16886001,847,0.0037986398674547672,1e-06,-0.015471037873502054,0.031908412630516324,0.6277773272065073
share_n_sub,with,IPxUS_adv,16886001,847,0.0037986398674547672,1e-06,0.00667325882803049,0.014611126525404548,0.6478691096402158
share_n_sub,with,IPxUS_chn,16886001,847,0.0037986398674547672,1e-06,-0.7406188367943335,0.20201806439502495,0.00024627569465618393
share_n_sub,with,Dec_US_chn,16886001,847,0.0037986398674547672,1e-06,-0.2942976054825361,0.079604438717022,0.00021816239045668873
share_n_sub,with,Adv_Dec_US,16886001,847,0.0037986398674547672,1e-06,-0.14815439884403866,0.06860678446771594,0.030813602595563205
share_n_sub,without,DDD_dev,16886001,847,0.0037986398674547672,1e-06,-0.022035903036713166,0.010015239879493985,0.02779007248729659
share_n_sub,without,DDD_adv,16886001,847,0.0037986398674547672,1e-06,0.016724577190972565,0.0098954954538256,0.09100495266777697
share_n_sub,without,IPxUS_chn,16886001,847,0.0037986398674547672,1e-06,-0.7406290040704462,0.20194533462906722,0.00024495968317284067
share_n_sub,without,Dec_US_chn,16886001,847,0.0037986398674547672,1e-06,-0.29508265661476696,0.07968475640471409,0.00021295943033150522
share_n_sub,without,Adv_Dec_US,16886001,847,0.0037986398674547672,1e-06,-0.14981762589395978,0.06904981201020813,0.0300293069492914
share_frac_policies,with,DDD_dev,16886001,8858,0.001719702617265284,1e-06,0.05238718794003594,0.01676003060024434,0.0017736944102386687
share_frac_policies,with,DDD_adv,16886001,8858,0.001719702617265284,1e-06,0.00887072112952211,0.012684641270658197,0.48434725373627163
share_frac_policies,with,IPxUS_dev,16886001,8858,0.001719702617265284,1e-06,-0.037600996146892024,0.018618020879528293,0.043424665557856956
share_frac_policies,with,IPxUS_adv,16886001,8858,0.001719702617265284,1e-06,-0.0038442449895851835,0.010873513761080512,0.7236820657346588
share_frac_policies,with,IPxUS_chn,16886001,8858,0.001719702617265284,1e-06,-0.15629301338190574,0.06240772687542626,0.012266426183757506
share_frac_policies,with,Dec_US_chn,16886001,8858,0.001719702617265284,1e-06,-0.3004026007639818,0.0913877932417915,0.0010121785790264681
share_frac_policies,with,Adv_Dec_US,16886001,8858,0.001719702617265284,1e-06,-0.1259812961358825,0.06997486786808278,0.07180078397673717
share_frac_policies,without,DDD_dev,16886001,8858,0.001719702617265284,1e-06,0.015034927643013144,0.012848120166230879,0.24191869462499271
share_frac_policies,without,DDD_adv,16886001,8858,0.001719702617265284,1e-06,0.005031430414840867,0.007414166215709557,0.4973761935257828
share_frac_policies,without,IPxUS_chn,16886001,8858,0.001719702617265284,1e-06,-0.15465134033789815,0.06204254876917722,0.01267881154575723
share_frac_policies,without,Dec_US_chn,16886001,8858,0.001719702617265284,1e-06,-0.31247200701113187,0.09108946569902511,0.0006027236850565387
share_frac_policies,without,Adv_Dec_US,16886001,8858,0.001719702617265284,1e-06,-0.13756212868225945,0.06913095859433925,0.04660444801749142
share_frac_sub,with,DDD_dev,16886001,847,0.003150329925119877,1e-06,-0.025821336375316858,0.015576156499026784,0.09736841761331161
share_frac_sub,with,DDD_adv,16886001,847,0.003150329925119877,1e-06,0.02134483420061752,0.013780723993180664,0.12140801494818731
share_frac_sub,with,IPxUS_dev,16886001,847,0.003150329925119877,1e-06,0.005273421725067855,0.008340189145604075,0.5271971202270871
share_frac_sub,with,IPxUS_adv,16886001,847,0.003150329925119877,1e-06,-0.00332797607734492,0.011579535728602207,0.7738049035596781
share_frac_sub,with,IPxUS_chn,16886001,847,0.003150329925119877,1e-06,-0.14941647221396687,0.08651618195144584,0.08416138219782221
share_frac_sub,with,Dec_US_chn,16886001,847,0.003150329925119877,1e-06,-0.3671487378691404,0.08551781775068015,1.7608242849576072e-05
share_frac_sub,with,Adv_Dec_US,16886001,847,0.003150329925119877,1e-06,-0.14758170962367112,0.06867267332776691,0.031629627551075234
share_frac_sub,without,DDD_dev,16886001,847,0.003150329925119877,1e-06,-0.020564488169984994,0.013532521311260374,0.1286028264511221
share_frac_sub,without,DDD_adv,16886001,847,0.003150329925119877,1e-06,0.018022475862119296,0.0066578271315019385,0.006790231140351599
share_frac_sub,without,IPxUS_chn,16886001,847,0.003150329925119877,1e-06,-0.14920149916246975,0.0864349885119182,0.08431680216793147
share_frac_sub,without,Dec_US_chn,16886001,847,0.003150329925119877,1e-06,-0.3668622549327796,0.08549400999341013,1.778004456509663e-05
share_frac_sub,without,Adv_Dec_US,16886001,847,0.003150329925119877,1e-06,-0.1466850426296762,0.06913083542514427,0.033850604288070185
asinh_n_sub,with,DDD_dev,16886001,847,2.178252696990967,1e-06,0.0159539800657029,0.03540851970524341,0.6523002388717156
asinh_n_sub,with,DDD_adv,16886001,847,2.178252696990967,1e-06,-0.0083467429118035,0.01766458330416866,0.6365607593319873
asinh_n_sub,with,IPxUS_dev,16886001,847,2.178252696990967,1e-06,-0.010519059100745172,0.0262799938036334,0.6889586149813325
asinh_n_sub,with,IPxUS_adv,16886001,847,2.178252696990967,1e-06,0.0077511473491336256,0.011541842643462771,0.5018579188855554
asinh_n_sub,with,IPxUS_chn,16886001,847,2.178252696990967,1e-06,-0.11124193954966038,0.02432725782875489,4.814143002018767e-06
asinh_n_sub,with,Dec_US_chn,16886001,847,2.178252696990967,1e-06,-0.26908552533136804,0.09343872558573418,0.003979182822903438
asinh_n_sub,with,Adv_Dec_US,16886001,847,2.178252696990967,1e-06,-0.13207903562237708,0.07183184718220975,0.06595559846731103
asinh_n_sub,without,DDD_dev,16886001,847,2.178252696990967,1e-06,0.00597747108126725,0.020796236431592813,0.773782767613324
asinh_n_sub,without,DDD_adv,16886001,847,2.178252696990967,1e-06,-0.001564829340335647,0.01334924406625897,0.9066838811989666
asinh_n_sub,without,IPxUS_chn,16886001,847,2.178252696990967,1e-06,-0.11184372707419224,0.024437928602477545,4.724919437704145e-06
asinh_n_sub,without,Dec_US_chn,16886001,847,2.178252696990967,1e-06,-0.2705862692941528,0.09326343052988283,0.003716042033341971
asinh_n_sub,without,Adv_Dec_US,16886001,847,2.178252696990967,1e-06,-0.13875646732269634,0.07225983426870149,0.05482716637419904
asinh_frac_sub,with,DDD_dev,16886001,847,1.204857587814331,1e-06,0.0125736579823342,0.03340759685923558,0.7066409389451347
asinh_frac_sub,with,DDD_adv,16886001,847,1.204857587814331,1e-06,-0.011423115265648126,0.01625907803351028,0.48232472954989847
asinh_frac_sub,with,IPxUS_dev,16886001,847,1.204857587814331,1e-06,-0.007333256139190283,0.024759544374514542,0.7670934147584851
asinh_frac_sub,with,IPxUS_adv,16886001,847,1.204857587814331,1e-06,0.007068518833618084,0.009855727510205059,0.47325125870238516
asinh_frac_sub,with,IPxUS_chn,16886001,847,1.204857587814331,1e-06,-0.07117577419279415,0.022014461304685467,0.0012243873644539605
asinh_frac_sub,with,Dec_US_chn,16886001,847,1.204857587814331,1e-06,-0.2927927183747048,0.09586539947902857,0.002256567573517776
asinh_frac_sub,with,Adv_Dec_US,16886001,847,1.204857587814331,1e-06,-0.12834239522780025,0.07105093240053298,0.07086468935914425
asinh_frac_sub,without,DDD_dev,16886001,847,1.204857587814331,1e-06,0.005478298176032881,0.01932709699195269,0.7768306145442625
asinh_frac_sub,without,DDD_adv,16886001,847,1.204857587814331,1e-06,-0.005301937906981419,0.013193439460593995,0.6877858167365394
asinh_frac_sub,without,IPxUS_chn,16886001,847,1.204857587814331,1e-06,-0.07171285362007161,0.022113209104954474,0.0011828353365974653
asinh_frac_sub,without,Dec_US_chn,16886001,847,1.204857587814331,1e-06,-0.29374691739336284,0.09581236001378281,0.0021704767916250756
asinh_frac_sub,without,Adv_Dec_US,16886001,847,1.204857587814331,1e-06,-0.13456080583822555,0.07173926272943855,0.06069749955235282
