K,i,name,pre,post,ratio,p,gap_pre,gap_post,g_US,g_RoW,g_US_pre,g_RoW_pre,w_max,n_pos
10,12,Algeria,0.831152650210773,0.4850151497310217,0.583545212312114,0.9754098360655737,-0.014851656181353767,0.2687312675021678,1.9925194187894648,1.7237881512872968,2.0854142106444002,2.100265866825755,0.4653493409880562,4
10,32,Argentina,0.25681475646384505,0.19843080243734632,0.7726612176402793,0.9098360655737705,-0.010163902800014425,0.1550093144308323,1.6544302767927803,1.4994209623619479,1.8959164127041992,1.9060803157584536,0.34448784909314306,5
10,50,Bangladesh,0.14682179573267157,0.23202664716518065,1.5803283566129878,0.5,-0.01871318571459227,-0.20923990471321194,1.0679941513775244,1.2772340560907367,1.109494483076287,1.128207668790879,0.5131677106300527,4
10,68,Bolivia,0.28163238968964727,0.9823039141209265,3.487893971298557,0.10655737704918032,0.0029503278917419784,-0.8680531701702023,0.05751916871442399,0.9255723388846265,0.645709415672686,0.6427590877809439,0.5536741874569535,5
10,76,Brazil,0.10997495642181015,0.37087453086302463,3.372354424406692,0.12295081967213115,0.006848001889632942,0.3597340421931485,2.751255264083895,2.391521221890747,2.7224727080987523,2.715624706209119,0.46362950788288065,5
10,100,Bulgaria,0.11037072449229789,0.4172685652038453,3.7806090983208502,0.09836065573770492,-0.017583950481440225,0.3400023182090002,1.750346878469177,1.4103445602601765,0.8349095055848242,0.8524934560662646,0.40365096423416913,3
10,152,Chile,0.21083554255621653,0.5453235665770299,2.586487837702348,0.19672131147540983,0.009124429902173962,0.512054042355327,2.3080957219854343,1.7960416796301062,2.145435815515031,2.136311385612857,0.3397969173932378,6
10,170,Colombia,0.1970470375478103,0.27225403494413597,1.3816702769666247,0.5491803278688525,0.005169286458620606,0.15576865494071082,1.4874239553218396,1.3316553003811282,1.3549092790877204,1.3497399926291,0.5408119734096521,3
10,191,Croatia,0.14129740914098918,0.18739684513857557,1.3262581832026907,0.5737704918032787,-0.0203208115434901,-0.03740442455864861,0.6897481478460197,0.7271525724046678,0.620195368648083,0.6405161801915737,0.44790954270115346,6
10,218,Ecuador,0.14072920941895434,0.14557433365706193,1.0344287035940316,0.7868852459016393,0.0035526035232450208,-0.004163913542956167,0.7507044883406376,0.7548684018835937,0.5533823096393611,0.5498297061161161,0.28096017346013014,5
10,288,Ghana,0.7555411290456869,0.49126347750437355,0.6502140765319836,0.9672131147540983,-0.00659982291770499,-0.1334366332398618,0.8001874560375318,0.9336240892773934,0.6046543724181084,0.6112541953358134,0.5783501132078057,4
10,348,Hungary,0.2689704889675065,0.33693814312164466,1.2526955816418548,0.6475409836065574,-0.01842351937361557,0.058070398676052494,2.5559357217002607,2.497865323024208,2.4002112084963865,2.4186347278700016,0.27246509142026537,5
10,360,Indonesia,0.18972010888475527,0.1447085556635883,0.762747589141913,0.9098360655737705,-0.01034921213250763,-0.07641347587778625,2.592341153385472,2.668754629263258,2.5300788252746114,2.5404280376406234,0.4948119102009174,4
10,368,Iraq,0.8914764756683659,1.757153192641483,1.9710595182268764,0.3770491803278688,-0.12590403622482493,0.8574872240586691,0.940543056007801,0.08305583194913144,-1.0042481044976157,-0.8783440682727913,0.39892987902064303,4
10,404,Kenya,0.7206991394808009,0.6444262792590895,0.8941682374192105,0.8442622950819673,0.6141670691391365,0.6326614183349832,0.959151083051137,0.3264896647161541,1.0549514578700128,0.4407843887308761,0.5762847143497851,2
10,458,Malaysia,0.1522324700567244,0.14197434384413454,0.9326153861343279,0.8442622950819673,0.033186642182426174,-0.02979136421464352,3.049300649723342,3.079092013937985,3.0043590275628147,2.9711723853803877,0.4597931990513957,4
10,484,Mexico,1.8780057013710254,1.8484113591705877,0.9842416121639926,0.8360655737704918,1.8528272289623615,1.8411916790093739,3.9645202151304724,2.1233285190912,4.0946310346348165,2.241803805672456,0.5134722223929825,2
10,504,Morocco,0.3873638620437995,0.27940571437755873,0.721300414817648,0.9344262295081968,-0.1385893895200077,0.17266079545387575,1.0923451876276002,0.9196843921737248,0.5387661029098999,0.6773554930876601,0.5342992310340577,3
10,508,Mozambique,1.1431427728090764,1.366128254470376,1.1950635449615372,0.6721311475409836,0.0812051587196061,1.3120701221881441,2.0675146658894805,0.7554445437013363,1.2265084798691985,1.145303321149592,0.5564870165237247,5
10,524,Nepal,0.4126908895104029,0.2902433634434792,0.7032948165824796,0.9590163934426229,0.25013407771315294,-0.0474031441512965,-0.46507223223410193,-0.4176690880828056,0.0753442848954101,-0.17478979281774218,0.7882603741506298,3
10,566,Nigeria,0.5710028385574175,0.8265058308555253,1.4474636114657695,0.5327868852459017,-0.0057894450810498325,-0.045627552849571984,0.4417290808528832,0.4873566337024552,0.984769926948088,0.9905593720291381,0.7943131765205943,3
10,586,Pakistan,0.1077396709450489,0.20198121884854592,1.8747153864203243,0.4016393442622951,0.010534553977149207,0.001392411989856552,1.4934256415210891,1.4920332295312322,1.7059953665562284,1.6954608125790798,0.4494129459031217,5
10,604,Peru,0.1526510229916233,0.30374177085616016,1.9897788098860492,0.36065573770491804,0.005240570265458347,-0.21983822182257548,0.7517848142067572,0.9716230360293326,1.2191237230335794,1.213883152768121,0.25639909269830147,6
10,608,Philippines,0.1947129064027879,0.19085895714531742,0.9802070169426873,0.8360655737704918,0.002924558594222279,-0.13161558479244276,1.7623401320554937,1.8939557168479362,1.9360387978421805,1.9331142392479577,0.48518490974999423,5
10,616,Poland,0.33094637047035663,0.17844962276230183,0.5392100916794488,0.9836065573770492,-0.03651855749828676,0.037572671610441644,3.3731951495844683,3.3356224779740264,3.0219940999789454,3.0585126574772317,0.4500580522153228,4
10,634,Qatar,0.40839898585816803,0.5493470106911202,1.3451233468094403,0.5655737704918032,-0.044403140548311,-0.2669605268884404,1.035365851547695,1.3023263784361347,1.1875533090519304,1.2319564496002415,0.7554459930933547,3
10,642,Romania,0.21294343933038445,0.2144158005410589,1.006914329999104,0.8032786885245902,-0.016201204896580765,-0.02603586984874151,1.9936128870319805,2.019648756880722,1.6940196819964868,1.7102208868930668,0.3440369713367848,4
10,643,Russia,0.22236420251644687,0.3114111289046261,1.400455313312371,0.5491803278688525,-0.014144965668805439,-0.1555797263618613,1.8878092103347395,2.0433889366966005,2.527857655814456,2.5420026214832614,0.5339380801828387,3
10,682,Saudi Arabia,0.5054453452931091,0.5019572985872345,0.9930990625626359,0.8360655737704918,-0.23226208479668228,0.4477862165357075,1.8062713944110382,1.3584851778753309,1.3012843253219952,1.533546410118677,0.6818960799832654,3
10,688,Serbia,0.544386188594193,0.20287785891375693,0.37267267826478623,1.0,-0.03219665142442286,-0.18328535027533313,1.1923839264818539,1.375669276757187,0.8734100056121076,0.9056066570365302,0.5250891000870117,5
10,699,India,0.06035421672022143,0.2444924070032535,4.050958164806028,0.09016393442622951,-0.007142810732137603,0.23482389439275783,3.4824222155428104,3.2475983211500528,3.1713738010793793,3.1785166122325395,0.7063994871110655,5
10,704,Vietnam,0.1870148516898194,0.13979783732438647,0.7475226489297946,0.9180327868852459,0.015984537614372775,0.09965988459847781,3.100440281182448,3.0007803965839703,2.239673843382142,2.22368930576777,0.48125932886996053,4
10,710,South Africa,0.1769316606367189,0.3616309535711298,2.043901878667384,0.3442622950819672,-0.009442181537691411,0.29061638952704083,2.047488002298351,1.7568716127713095,2.134036833694179,2.1434790152318697,0.4322853545624849,5
10,764,Thailand,0.2199924217307065,0.33747938001715033,1.5340500248243099,0.5081967213114754,0.0010456841629965065,0.2762691370302548,3.2273400193228716,2.9510708822926177,3.1371603909297843,3.1361147067667874,0.36798903101324065,4
10,784,UAE,0.5995779713291536,0.8857483342958185,1.4772863191292336,0.5163934426229508,-0.3717115236071784,0.7519450738103808,2.984964170271566,2.2330190964611845,1.5678604457836656,1.939571969390844,0.5704619260782023,2
10,788,Tunisia,0.26318566910574714,0.26190766056554793,0.9951440800536684,0.819672131147541,-0.020990941078751577,0.11724351837391692,0.754330700815345,0.6370871824414284,0.6931638484691451,0.7141547895478964,0.5561978776324589,3
10,792,Turkiye,0.28125059225506593,0.139665358021485,0.4965868939213561,1.0,-0.029426465339597273,0.003728856826284908,3.1577369963539197,3.1540081395276345,2.78272495348724,2.8121514188268377,0.2844734786371836,5
10,804,Ukraine,0.3260304272161701,0.2254273941100481,0.6914305392747331,0.9672131147540983,-0.0063559110628856885,0.2063054638345993,1.339876278896503,1.133570815061904,1.9041624733611349,1.9105183844240197,0.3898269054396356,6
10,818,Egypt,0.21278366328679776,0.3524690788041987,1.6564668234380744,0.48360655737704916,-0.03437963637609396,0.2572711547348755,1.594453995583111,1.3371828408482356,1.3197455609088224,1.3541252001044373,0.4840035408289135,4
15,12,Algeria,0.8063265761661839,0.8791814406226621,1.0903540409183572,0.8032786885245902,0.010467964904228117,0.7509593503515385,1.949072475108918,1.1981131247573786,2.0643045380318186,2.0538365731275907,0.30019928892294284,4
15,32,Argentina,0.24016164019983985,0.15292517422551236,0.6367593679750957,0.9672131147540983,-0.005391565260482406,0.05286298904359678,1.7730393481553903,1.7201763591117936,2.011613331238726,2.0170048964992078,0.29907939613120615,6
15,50,Bangladesh,0.12876032815166347,0.3053144404106765,2.3711840812571907,0.36885245901639346,-0.006916443817419965,-0.2664837839389303,0.9273204154792867,1.193804199418217,1.132699746838759,1.1396161911264473,0.5424372708613334,6
15,68,Bolivia,0.2661522957853756,1.192294468891579,4.479745197663227,0.09836065573770492,0.012450243150438522,-1.0891646816233551,-0.2336819378285236,0.855482743794832,0.6016950806264646,0.5892448374760263,0.5492945837473395,4
15,76,Brazil,0.09157826853558557,0.34563022950254585,3.7741511717732523,0.14754098360655737,0.00983144122078741,0.3318586951567774,2.7911895489613556,2.459330853804578,2.763245249130721,2.7534138079099337,0.4613830755647296,6
15,100,Bulgaria,0.11037072449229794,0.4172685652038457,3.780609098320852,0.14754098360655737,-0.017583950481439802,0.3400023182090006,1.7503468784691776,1.410344560260177,0.8349095055848246,0.8524934560662646,0.4036509642341689,3
15,152,Chile,0.20569211219271402,0.6043898117890218,2.938322745321249,0.22131147540983606,0.009979655951645983,0.5735630719963678,2.440508897081198,1.86694582508483,2.170998585603984,2.161018929652337,0.35131652638385796,8
15,170,Colombia,0.098225988156931,0.5142125500477969,5.234994930529626,0.05737704918032787,0.0005517835325382182,0.36288364625573216,1.240339179679324,0.8774555334235916,0.752365100247527,0.7518133167149889,0.3414628846872576,8
15,191,Croatia,0.08993461738684391,0.43434898711610576,4.829608439293194,0.07377049180327869,-0.008203690739606,0.2780847065966524,1.0461335264586098,0.7680488198619578,0.33848597741219777,0.3466896681518035,0.32500098179807846,6
15,218,Ecuador,0.1403372197583841,0.15167725320902695,1.080805601466003,0.8114754098360656,0.0017538468881671038,0.055277783250081834,0.6913889176587839,0.6361111344087023,0.37380328227009285,0.37204943538192603,0.2438548074465728,8
15,288,Ghana,0.33416327385625705,0.36184741435018347,1.0828461493522326,0.8114754098360656,0.017672014291111083,0.10133739317845965,0.994168472706428,0.892831079527969,0.829223037796245,0.8115510235051339,0.36031452019322346,6
15,348,Hungary,0.23195225196340136,0.452756865887952,1.9519399447753167,0.45081967213114754,-0.013435452876108901,0.20851800394097328,2.8019306044158845,2.593412600474911,2.3626282658588393,2.3760637187349487,0.2916237103594973,6
15,360,Indonesia,0.16788454287185714,0.19846286413868683,1.1821389911408908,0.7540983606557377,-0.0014035060622938154,-0.13259984597704258,2.4291050117316835,2.5617048577087256,2.508308568779153,2.5097120748414468,0.35969244024854413,5
15,368,Iraq,0.8481185706090008,1.7151389032498845,2.0222866975054092,0.4344262295081967,-0.013250863287483766,0.8767026553500913,1.208130440263032,0.33142778491294117,-0.5170610113794648,-0.5038101480919809,0.393265440868265,5
15,404,Kenya,0.400716998773077,0.3708963170095836,0.925581690183349,0.8852459016393442,0.08688371153581503,0.3462831863361396,1.0084808319707128,0.6621976456345726,0.6629906148057003,0.5761069032698856,0.3927362392153816,5
15,458,Malaysia,0.15043911876277993,0.1395679412227341,0.9277370299065095,0.8852459016393442,0.03302613256556491,-0.022553832747970244,3.071865633802418,3.0944194665503884,3.0286747519944366,2.9956486194288714,0.45787478620135336,4
15,484,Mexico,0.8846271931172212,1.029061379167725,1.163271248243626,0.7622950819672131,0.8403380784121427,1.028184413909912,4.064596329416547,3.0364118984767368,3.9220098798925225,3.08167180148038,1.0,1
15,504,Morocco,0.16246950626276416,0.23484336506507406,1.445461185099305,0.6147540983606558,-0.01855847372168553,-0.019721843965624215,1.6456919885001315,1.6654138324657555,1.3947896583678558,1.4133481320895414,0.3572829385787217,5
15,508,Mozambique,1.1304039235408505,1.224143190547856,1.0829254614698953,0.8114754098360656,0.05161341752458837,1.1705904055085072,2.1802796566607285,1.0096892511522209,1.283449736053986,1.2318363185293981,0.43233164352852904,5
15,524,Nepal,0.4077996430360446,0.3016854285140418,0.7397883584890151,0.9590163934426229,0.23614691659349782,-0.005048062782499728,-0.5274583504484287,-0.5224102876659283,-0.007711135348426591,-0.2438580519419248,0.7883031031722693,3
15,566,Nigeria,0.5710028385574174,0.8265058308555251,1.4474636114657695,0.6147540983606558,-0.005789445081049918,-0.04562755284957287,0.441729080852883,0.48735663370245597,0.9847699269480884,0.9905593720291382,0.7943131765205934,3
15,586,Pakistan,0.11344742965482163,0.2591877744637926,2.2846509193941604,0.3770491803278688,0.007237656501695709,0.11181500619036536,1.642879881111511,1.5310648749211455,1.867767455319595,1.8605297988178988,0.472126332457697,5
15,604,Peru,0.1526509097204023,0.3037431117242214,1.9897890702424366,0.4426229508196721,0.005240590169231881,-0.21983985448227955,0.7517813228812973,0.9716211773635764,1.2191212451953775,1.2138806550261452,0.2563967202659623,6
15,608,Philippines,0.14708619003933163,0.1341332748847372,0.9119365648730805,0.8934426229508197,0.005296036206240509,0.022095840122551332,2.0042197446636716,1.9821239045411205,1.9377529985737107,1.9324569623674703,0.33806976947796946,5
15,616,Poland,0.2124912484351307,0.47994246591947903,2.2586458004927943,0.39344262295081966,-0.03055354739867537,0.3599446068191569,3.8960519582862756,3.5361073514671184,2.8739509363595457,2.904504483758221,0.3806688985294912,4
15,634,Qatar,0.30508963081287205,0.3316922098292693,1.0871959461405427,0.8032786885245902,-0.005158084461906434,-0.043849000087206776,1.6267390151102272,1.6705880151974342,1.7045915154554665,1.709749599917373,0.4535137073830589,6
15,642,Romania,0.16480681251510684,0.31412616969553825,1.9060266071631244,0.47540983606557374,-0.010697818403110954,0.13987773292444713,2.2648521346271955,2.1249744017027483,1.6525065532621959,1.6632043716653067,0.39468811475509724,5
15,643,Russia,0.17347830217221033,0.3596139587960687,2.072962176209698,0.4180327868852459,-0.007373213140267418,-0.2181636417490791,2.003488880029814,2.2216525217788927,2.604372633373146,2.611745846513413,0.47099211172007044,5
15,682,Saudi Arabia,0.3060369852565741,0.24248807484421797,0.7923489203140652,0.9508196721311475,-0.08062257755716006,-0.10854058470615627,2.5124585390052254,2.6209991237113814,2.4342884424122953,2.514911019969456,0.6385889418925544,3
15,688,Serbia,0.5326907690497139,0.11421038995580417,0.21440279537704054,1.0,-0.05516905704623469,0.00900649249479603,1.269999491310516,1.2609929988157194,0.7411227193570681,0.7962917764033025,0.5828887051795363,4
15,699,India,0.04282071582020393,0.24277313918717902,5.6695254746916754,0.05737704918032787,-0.0030595170746106196,0.22367867399901167,3.545802705251404,3.3221240312523928,3.1684153089293976,3.171474826281177,0.7579316050399895,5
15,704,Vietnam,0.18428483960296407,0.1397765135331161,0.7584808052266275,0.9590163934426229,0.015852263920988017,0.10082884098427969,3.103229260879726,3.002400419895447,2.2474378769564067,2.231585613035419,0.48185416686582155,5
15,710,South Africa,0.1595341086996962,0.31637465448898777,1.98311606883093,0.4426229508196721,-0.007981690736378983,0.23962781384535542,2.108245835699621,1.8686180218542654,2.2438954569795815,2.2518771477159607,0.38576674966720015,6
15,764,Thailand,0.19373717825364745,0.48659034142648727,2.5116002298197317,0.3114754098360656,0.005027056745343494,0.42625349814724395,3.722068072813921,3.2958145746666774,3.1675519951808955,3.1625249384355523,0.24529930230873337,5
15,784,UAE,0.394418224646872,0.5514636645663289,1.3981698362444124,0.6311475409836066,-0.15815200992396275,0.46444120069857237,3.1735462615056624,2.7091050608070897,2.263635499484504,2.421787509408467,0.34348323271632536,5
15,788,Tunisia,0.15782212227697076,0.6632599992174542,4.202579395387058,0.12295081967213115,-0.016480374117942172,0.5274805464097412,1.4033880066520834,0.8759074602423423,0.7934660302041788,0.8099464044497541,0.3879465186356874,4
15,792,Turkiye,0.22948295253546047,0.2139497510552901,0.932312176967611,0.8852459016393442,-0.01218667166798086,0.16019814193607082,3.1701492084005656,3.009951066464494,2.7641735187696637,2.7763601904376443,0.2675811836251502,5
15,804,Ukraine,0.27040168722807634,0.19385555517143954,0.7169169584653062,0.9672131147540983,-0.002825637992406033,0.16500035805642962,1.4433414857715443,1.2783411277151149,1.9628604082800616,1.9656860462724672,0.38333184585283536,4
15,818,Egypt,0.1289573319643903,0.11865300153553997,0.9200950401820059,0.8852459016393442,-0.008494036274508314,-0.009873339180851324,0.9336647511233622,0.9435380903042131,1.048695187682228,1.0571892239567362,0.265418686999216,8
20,12,Algeria,0.5920397735689511,1.1863192743459654,2.003783068820802,0.5,0.03439721167449077,0.9568593898284179,1.9197429639616654,0.9628835741332485,1.8806286786028883,1.8462314669283968,0.42492725023178834,7
20,32,Argentina,0.23755549284837904,0.1581347307379138,0.6656749075418941,0.9508196721311475,-0.006027480378558694,0.10089114962941632,1.6715220495846246,1.5706308999552085,1.942065785395654,1.9480932657742125,0.3175592682162902,7
20,50,Bangladesh,0.11444007867615097,0.32468765585318193,2.837184836022365,0.30327868852459017,-0.004099013102760753,-0.2947117643230432,0.9479410261032882,1.2426527904263314,1.1886827854629174,1.1927817989232876,0.5466885423734266,4
20,68,Bolivia,0.26921775020253147,1.1872276491406055,4.409915944425873,0.13114754098360656,0.013696460006851234,-1.0860606623061633,-0.34274103331456907,0.7433196289915939,0.4699277634053269,0.45623130339847573,0.5264907341774794,5
20,76,Brazil,0.09157812798527011,0.3456134404530862,3.7739736338427488,0.1885245901639344,0.009832852433548119,0.331841388538983,2.791173061612469,2.4593316730734864,2.7632256575832064,2.753392805149659,0.46135367891622536,6
20,100,Bulgaria,0.11037072449229869,0.41726856520384636,3.7806090983208325,0.1885245901639344,-0.01758395048144087,0.3400023182090006,1.7503468784691756,1.4103445602601756,0.8349095055848202,0.852493456066261,0.4036509642341667,3
20,152,Chile,0.1969663925702402,0.5867236083836104,2.9788006000789133,0.26229508196721313,0.01038169271068211,0.5561510427217456,2.410132372137788,1.8539813294160423,2.1500794467234203,2.1396977540127384,0.3418575952270264,9
20,170,Colombia,0.0868249883473215,0.6122817612280714,7.051907208772577,0.03278688524590164,0.000559845045711617,0.46794212954167086,1.4346699140914791,0.966727784549808,0.8419113277007738,0.841351482655062,0.38352794039365545,8
20,191,Croatia,0.0943903128680943,0.46305590024347987,4.905756599096955,0.08196721311475409,-0.008707402428719318,0.30061915031054565,1.1447903651238254,0.84417121481328,0.43424058078184624,0.4429479832105654,0.3482796724660818,6
20,218,Ecuador,0.1399294945208494,0.15665673841601108,1.119540515403415,0.819672131147541,0.0016706388761429279,0.0681185443143928,0.7216301340906325,0.65351158977624,0.40022017407275234,0.3985495351966091,0.22611692331704825,8
20,288,Ghana,0.32533655542874645,0.43372912679587733,1.3331705876835303,0.6967213114754098,0.015446087196493803,0.371071233764919,1.3463033540841263,0.975232120319207,1.1077437555579837,1.0922976683614896,0.30537704416935063,9
20,348,Hungary,0.23195225196281313,0.4527568658894407,1.951939944786685,0.5081967213114754,-0.013435452876081277,0.20851800394316053,2.8019306044200127,2.593412600476853,2.362628265861779,2.37606371873786,0.2916237103583422,6
20,360,Indonesia,0.15366808067261417,0.1916328907412982,1.2470572281667724,0.7622950819672131,-0.002456783244555931,-0.12333892668119793,2.4511833919989092,2.5745223186801067,2.5698791570903983,2.572335940334954,0.36443504655255543,6
20,368,Iraq,0.8481185788459864,1.7151388293940935,2.0222865907829064,0.5,-0.01325088043951229,0.8767026097130394,1.208130340290386,0.33142773057734665,-0.5170611486601221,-0.5038102682206101,0.39326538058053867,5
20,404,Kenya,0.349895492396755,0.3262599884723532,0.932449818765882,0.9016393442622951,0.08292590136478693,0.3151789391215403,0.9235675467178606,0.6083886075963204,0.794187557644494,0.7112616562797069,0.32480960419927474,6
20,458,Malaysia,0.15043911876062563,0.13956794122191038,0.9277370299143194,0.9016393442622951,0.03302613256538541,-0.022553832745750173,3.0718656338071773,3.0944194665529277,3.0286747520015784,2.995648619436193,0.4578747861959207,4
20,484,Mexico,0.4518868443267523,1.0476695480961802,2.318433389352284,0.4262295081967213,0.37670445442199707,1.0401417868477958,4.424514378820147,3.3843725749424527,4.028902118856257,3.6521976644342597,1.0,1
20,504,Morocco,0.14611970273871355,0.22593707958365117,1.5462465043996456,0.6229508196721312,-0.016074191271818347,-0.003996496620563957,1.6895458050801813,1.6935423017007452,1.3966515561365886,1.412725747408407,0.29696472994157336,7
20,508,Mozambique,1.0139508128204988,0.4601459069217292,0.453814821294679,0.9918032786885246,-0.023077692554898877,-0.4068795584143224,1.231327715189933,1.6382072736042554,1.4176387562676669,1.4407164488225657,0.48785537377325977,7
20,524,Nepal,0.4077996430360443,0.30168542851404095,0.7397883584890137,0.9508196721311475,0.23614691659349643,-0.005048062782504058,-0.5274583504484348,-0.5224102876659303,-0.0077111353484324045,-0.24385805194192886,0.7883031031722713,3
20,566,Nigeria,0.5743089001765993,0.8087501920745931,1.4082146242656233,0.6557377049180327,0.0016525464614147924,-0.07736529045531745,0.36936350677076846,0.4467287972260855,0.9469313738106446,0.9452788273492299,0.7198725484402031,5
20,586,Pakistan,0.1142760051010378,0.2414126054203813,2.112539769017432,0.47540983606557374,0.006550219961949014,0.09400175444197238,1.6202597327645922,1.5262579783226198,1.820134948423221,1.8135847284612723,0.38440863451569984,7
20,604,Peru,0.13500039154009438,0.28664649830594613,2.123301236654663,0.4672131147540984,0.004960138243686791,-0.23193507681035255,0.8202642747810723,1.052199351591425,1.3338129226693598,1.3288527850986576,0.24442247287642235,8
20,608,Philippines,0.14708618974703522,0.13413327529579366,0.9119365694799866,0.9016393442622951,0.005296036175040894,0.022095841081788508,2.0042197461126077,1.9821239050308195,1.937752999770488,1.932456963595447,0.33806976756679713,5
20,616,Poland,0.21249124843513004,0.4799424659194741,2.2586458004927783,0.45901639344262296,-0.030553547398675388,0.35994460681915336,3.8960519582862716,3.536107351467119,2.8739509363595532,2.9045044837582292,0.38066889852948677,4
20,634,Qatar,0.2829266950666792,0.24778639544167505,0.875797157929115,0.9180327868852459,0.0074905127434368775,0.01226786681945399,1.8310296855943338,1.8187618187748804,2.0064875988597244,1.9989970861162873,0.3699171094405038,5
20,642,Romania,0.16480681251425167,0.31412616969645113,1.9060266071785539,0.5163934426229508,-0.01069781840305078,0.13987773292649125,2.264852134631063,2.1249744017045713,1.6525065532654926,1.6632043716685436,0.3946881147536106,5
20,643,Russia,0.12546505401305638,0.23218983174301938,1.8506334976658665,0.5409836065573771,-0.006197370479562329,0.015503995098384373,2.476287808785965,2.4607838136875806,2.4611320552697262,2.467329425749288,0.5898824828549426,7
20,682,Saudi Arabia,0.20077052214694593,0.44479421186648166,2.2154358474045925,0.45901639344262296,-0.058191772857635306,0.39129956750046974,2.7070650980043593,2.3157655305038896,2.1057080459554007,2.163899819222097,0.2363176352526724,6
20,688,Serbia,0.5326908895849425,0.11420447112758629,0.21439163567556252,1.0,-0.05516885796481272,0.008998345739906004,1.2699993607505624,1.261001015010656,0.7411292324601054,0.7962980904249183,0.5828862509836165,4
20,699,India,0.06655391567246811,0.2533783606767425,3.8071142489000023,0.1885245901639344,-0.0008074644441758907,0.23103347535881166,3.5772924492823406,3.3462589739235282,3.1867285282042137,3.1875359927999867,0.6748508081694348,5
20,704,Vietnam,0.1816559382279587,0.15486211080904036,0.8525023311635705,0.9262295081967213,0.017597078840593607,0.11992526109041676,3.131328909884457,3.0114036487940403,2.2527045939108614,2.2351075150702675,0.4975856245348541,6
20,710,South Africa,0.1127555278261963,0.339043286966798,3.006888385014758,0.23770491803278687,-0.0020472802547350662,0.2733651828549301,2.3094371772351505,2.03607199438022,2.324493851221249,2.3265411314759845,0.25949736829767756,8
20,764,Thailand,0.19373718854538227,0.48659002045460176,2.511598439659507,0.4098360655737705,0.005027033709748658,0.42625321089583357,3.722066962276195,3.2958137513803623,3.167552186127502,3.162525152417754,0.24529878309656797,5
20,784,UAE,0.2699515900246262,0.5402709848794406,2.0013624844000906,0.5,-0.09679170700697338,0.5046602491211186,3.3595825449484122,2.8549222958272935,2.3727636820418385,2.469555393392678,0.4308618981540668,5
20,788,Tunisia,0.14558271956478785,0.43473801456006306,2.986192426269342,0.2540983606557377,-0.015080302957320062,0.33886948157446956,1.2817384450436524,0.9428689634691828,0.8956799528916229,0.9107602561375394,0.34714934669808256,5
20,792,Turkiye,0.22948295253547546,0.21394975105528782,0.9323121769675402,0.9016393442622951,-0.01218667166798092,0.16019814193605006,3.1701492084005047,3.009951066464454,2.7641735187694936,2.7763601904374737,0.26758118362525724,5
20,804,Ukraine,0.20460040741753782,0.292770631089745,1.4309386515163383,0.6475409836065574,-0.01569054684193866,0.27421989042534173,1.838548976279323,1.5643290858539818,2.3314636815711673,2.347154228413105,0.32211471041262263,5
20,818,Egypt,0.10994397181564163,0.12459904042998299,1.1332957903223249,0.8114754098360656,-0.004800155399110212,-0.06883025524808024,0.9884764962071148,1.0573067514551948,1.1114908935205539,1.116291048919664,0.2825527393838803,9
25,12,Algeria,0.5652873132015377,1.1695599651365836,2.0689655292504487,0.5573770491803278,0.04305160090666315,0.9061655261405973,1.9590765643923667,1.0529110382517697,1.8599751716723765,1.8169235707657128,0.3840364258536338,7
25,32,Argentina,0.21766125502154407,0.20145832773008257,0.9255589733236733,0.8770491803278688,-0.005186024722082335,0.14919674367837787,1.8770774568940498,1.7278807132156717,2.1670010105449253,2.1721870352670076,0.34645920340340364,6
25,50,Bangladesh,0.10814280746878925,0.37992648883462543,3.513192395567082,0.22131147540983606,-0.003797580685336685,-0.34806309661928797,0.8827378441027139,1.230800940722002,1.185696409862814,1.1894939908717825,0.5774438864138112,6
25,68,Bolivia,0.24305629249961944,1.0701071602130316,4.40271325299964,0.1557377049180328,0.01141165816561837,-0.9400209216780306,-0.15340113244610748,0.7866197892319234,0.589059930124047,0.5776482719584284,0.5452685930020861,6
25,76,Brazil,0.09157763565175361,0.345549239408681,3.773292867296952,0.22131147540983606,0.009838238844656342,0.3317752081802451,2.791109797951212,2.459334589770966,2.7631509629007778,2.753312724056122,0.46124122117986177,6
25,100,Bulgaria,0.1103707244922982,0.4172685652038462,3.7806090983208476,0.22131147540983606,-0.017583950481440003,0.34000231820900073,1.7503468784691771,1.410344560260177,0.8349095055848238,0.8524934560662636,0.4036509642341681,3
25,152,Chile,0.1840669275055951,0.5965653758157865,3.2410242507994957,0.2540983606557377,0.006297050295931402,0.5512315223129471,2.3477104120629795,1.7964788897500317,2.1921697904994577,2.1858727402035267,0.2489620207468863,8
25,170,Colombia,0.08390944502719108,0.5094979921780912,6.071998116695767,0.06557377049180328,0.0022735265768690557,0.36489008625059044,1.3250637633863847,0.9601736771357938,0.8435461343695008,0.8412726077926315,0.33661544424116746,9
25,191,Croatia,0.09439031286806922,0.46305590024776144,4.905756599143619,0.12295081967213115,-0.008707402428633165,0.30061915031420916,1.1447903651290832,0.8441712148148747,0.4342405807790797,0.44294798320771284,0.3482796724689316,6
25,218,Ecuador,0.11679869987105036,0.15990343645777944,1.3690515102849443,0.6885245901639344,0.004553009990777472,0.045418090338386154,0.5452177453307654,0.49979965499237927,0.5418249716923143,0.5372719617015367,0.265293832285604,7
25,288,Ghana,0.31684067738527893,0.49382430186623677,1.5585887075533087,0.6475409836065574,0.011914656651115886,0.4472633892255513,1.3926011624193932,0.9453377731938419,1.1203365779729613,1.1084219213218456,0.2846826935058706,8
25,348,Hungary,0.2319522519515111,0.45275686592109476,1.9519399450182626,0.5737704918032787,-0.013435452875638127,0.20851800398748116,2.801930604503585,2.593412600516104,2.362628265919197,2.3760637187948346,0.29162371033645745,6
25,360,Indonesia,0.15368508658130278,0.19170390191327735,1.2473812923406968,0.7540983606557377,-0.002452824985424391,-0.12339989250863984,2.4510336159165647,2.574433508425204,2.569842529052416,2.572295354037841,0.3645459082342566,6
25,368,Iraq,0.6807269424384059,1.202760736778168,1.7668769396283992,0.6065573770491803,-0.16243098527447136,0.08906586165393637,1.5554349905695264,1.466369128915591,-0.024429714382285927,0.13800127089218558,0.2951762490326101,5
25,404,Kenya,0.1346712014287655,0.2621446101347739,1.9465528439161925,0.5737704918032787,0.01733248953771989,-0.0015383731208266718,1.5441836700397074,1.5457220431605332,1.5691739458044673,1.5518414562667475,0.35852883122659107,6
25,458,Malaysia,0.15043911874245575,0.13956794121496335,0.9277370299801921,0.8770491803278688,0.03302613256387033,-0.022553832727026237,3.071865633847337,3.094419466574363,3.0286747520618493,2.995648619497979,0.4578747861501013,4
25,484,Mexico,0.4518868443267523,1.0476695480961802,2.318433389352284,0.48360655737704916,0.37670445442199707,1.0401417868477958,4.424514378820147,3.3843725749424527,4.028902118856257,3.6521976644342597,1.0,1
25,504,Morocco,0.13594858058978038,0.257114767195792,1.8912648155674825,0.5737704918032787,-0.01182275028517296,-0.07766708067827136,1.7037737314202992,1.7814408120985707,1.4298682929719704,1.4416910432571435,0.31026031599468984,7
25,508,Mozambique,0.8951778040537309,0.8667410175663912,0.9682333650828179,0.8688524590163934,0.013641213543276994,-0.7709694727027872,0.2924367289748456,1.063406201677633,0.9890711468374989,0.9754299332942218,0.49381602412805603,4
25,524,Nepal,0.4077996430360445,0.3016854285140411,0.7397883584890137,0.9262295081967213,0.23614691659349682,-0.005048062782502979,-0.5274583504484328,-0.5224102876659301,-0.0077111353484307895,-0.24385805194192756,0.7883031031722707,3
25,566,Nigeria,0.5738373495743455,0.8182208150280614,1.425875843799627,0.6639344262295082,0.008419962351416949,-0.2280829550541015,0.13759079066019783,0.36567374571429945,0.7939366214954585,0.7855166591440411,0.6360866689383577,4
25,586,Pakistan,0.11441690055935007,0.23179808085505754,2.0259077087551396,0.5573770491803278,0.00646261248678282,0.07103427743632137,1.5913850526562625,1.5203507752199406,1.8084723619021483,1.8020097494153653,0.3653451444306875,8
25,604,Peru,0.13486015406392235,0.2828673817169214,2.0974867163717246,0.5409836065573771,0.00492250815579441,-0.22773769098062152,0.8267535655141811,1.054491256494803,1.3386003966591817,1.3336778891934846,0.24077206988095035,9
25,608,Philippines,0.14708617001133958,0.13413330302200094,0.9119368803447663,0.8770491803278688,0.005296034075097059,0.022095905830909337,2.00421984390621,1.982123938075301,1.937753080522119,1.9324570464470225,0.3380696385889266,5
25,616,Poland,0.21249124843477046,0.47994246591610956,2.2586458004807666,0.5081967213114754,-0.030553547398798807,0.3599446068167009,3.8960519582835147,3.5361073514668138,2.873950936363723,2.904504483762522,0.3806688985265773,4
25,634,Qatar,0.28292669506667967,0.2477863954416753,0.8757971579291146,0.9016393442622951,0.007490512743436776,0.012267866819457953,1.831029685594341,1.8187618187748833,2.0064875988597266,1.998997086116291,0.36991710944049916,5
25,642,Romania,0.16480681230722585,0.31412616991755404,1.9060266109144408,0.5737704918032787,-0.010697818388445494,0.13987773342149087,2.2648521355677103,2.1249744021462194,1.6525065540638932,1.6632043724523387,0.3946881143937509,5
25,643,Russia,0.12337894058124531,0.2302078904965649,1.8658604897403255,0.5819672131147541,-0.005778804164678666,0.018276315632599984,2.4964810360512186,2.4782047204186193,2.4698739983011744,2.4756528024658526,0.5835626075242276,7
25,682,Saudi Arabia,0.1785488370299061,0.48797370856678246,2.732998526812298,0.3524590163934426,-0.04683946059410356,0.42886248565350904,2.955707079257462,2.526844593603953,2.316571879302046,2.363411340586999,0.23414540569521824,8
25,688,Serbia,0.4983288225937221,0.2954183391670767,0.5928180867192697,0.9426229508196722,-0.0801399452945213,0.16191233836850935,1.182490251282332,1.0205779129138235,0.34921589151384375,0.4293558368083652,0.5637556442478566,3
25,699,India,0.06728033690327155,0.26106919782190796,3.8803194192865775,0.19672131147540983,-0.0006228923751133077,0.23856496946841513,3.5804047892524844,3.34183981978407,3.1855889873803647,3.1862118799609784,0.6565455419659811,6
25,704,Vietnam,0.18157422696927944,0.15491131095560415,0.8531569349972428,0.9098360655737705,0.01758598782992528,0.11998000851671078,3.131552721407125,3.0115727128904135,2.252806490386192,2.235220502556267,0.4973030828197434,6
25,710,South Africa,0.09091858903099154,0.4533704448607107,4.986553901602782,0.10655737704918032,6.690538257056707e-05,0.3726408988663958,2.6025674145763555,2.2299265157099604,2.4199268705645407,2.41985996518197,0.3057037007350411,8
25,764,Thailand,0.19373724202072334,0.486588352993495,2.511589139590655,0.45081967213114754,0.005026914038926719,0.42625171861344946,3.722061192989007,3.2958094743755573,3.167553178102656,3.1625262640637293,0.24529608576892947,5
25,784,UAE,0.19622860979471055,0.5459391418704269,2.78215874046896,0.3524590163934426,-0.05646130451704807,0.45188737542347707,3.337853858160512,2.885966482737035,2.273272501673475,2.3297338074819005,0.3232251349117673,8
25,788,Tunisia,0.1330418925262032,0.5547786490222306,4.1699545796296045,0.18032786885245902,-0.012999924996623259,0.4606520352252276,1.4513200767480303,0.9906680415228024,0.9703918859677468,0.9833918109643698,0.3049965038728837,7
25,792,Turkiye,0.1782624131007034,0.4644053012503911,2.605177912564444,0.39344262295081966,-0.00819571653822072,0.3832913392441432,3.49258624801361,3.1092949087694666,2.6914468697786416,2.6996425863168625,0.3322837314472843,6
25,804,Ukraine,0.20460040754976622,0.2927706307803393,1.430938649079313,0.6639344262295082,-0.015690546856015807,0.2742198900368952,1.8385489700418896,1.5643290800049943,2.3314636755627145,2.3471542224187307,0.3221147048080691,5
25,818,Egypt,0.10857831276412255,0.14604226754860294,1.3450408634168753,0.6885245901639344,-0.004932657358347647,-0.09656319123762866,0.9100114496307351,1.006574640868364,1.0599437238430218,1.0648763812013693,0.2889354397723797,8
30,12,Algeria,0.5652877758197931,1.169540667491597,2.0689296983213596,0.5655737704918032,0.04305120193439128,0.906151089722305,1.9590916320192993,1.0529405422969944,1.8599906297097228,1.8169394277753312,0.384033242395703,7
30,32,Argentina,0.21214936076746282,0.19752312312881104,0.9310568856500887,0.8770491803278688,-0.005167387433608006,0.14610921659751727,1.8709011654474164,1.7247919488498993,2.1696088407115965,2.174776228145205,0.3359858909563638,8
30,50,Bangladesh,0.1081884949500917,0.3778918005285116,3.49290190886597,0.23770491803278687,-0.0038414226012141134,-0.34615527490044196,0.8852356242653342,1.2313908991657765,1.1855459516414788,1.1893873745688444,0.5760107918386778,6
30,68,Bolivia,0.24306245961122197,1.0702596745098631,4.403229014557582,0.1721311475409836,0.01140518619839418,-0.9402252092030582,-0.1534717065990101,0.7867535026040474,0.5891346599717455,0.577729473773351,0.5452408914643034,6
30,76,Brazil,0.09157637774588949,0.3453599357888762,3.7712775312777436,0.22950819672131148,0.009854107352684164,0.33158004956294096,2.790922907146548,2.459342857583607,2.7629310399723948,2.75307693261971,0.460909525348276,6
30,100,Bulgaria,0.11037072449229884,0.41726856520384686,3.7806090983208316,0.22950819672131148,-0.017583950481440406,0.34000231820900106,1.750346878469177,1.4103445602601756,0.8349095055848204,0.852493456066261,0.4036509642341663,3
30,152,Chile,0.1840710149061357,0.5965956297483824,3.241116642142749,0.29508196721311475,0.0062971499057805054,0.5512602690430358,2.347698723665728,1.7964384546226921,2.192112344514394,2.185815194608614,0.24892691844289544,8
30,170,Colombia,0.0763554349819496,0.4462341413060981,5.8441699849079205,0.09016393442622951,0.0015477485852809275,0.2827201117980612,1.288166683195758,1.0054465713976968,0.9125741231419933,0.9110263745567123,0.3234748831190144,9
30,191,Croatia,0.09439031287136648,0.4630558996761904,4.90575659291685,0.14754098360655737,-0.008707402440150235,0.3006191498252794,1.1447903644270845,0.8441712146018049,0.4342405811481431,0.4429479835882933,0.3482796720884228,6
30,218,Ecuador,0.10792907204261941,0.12634441818611067,1.1706245202981023,0.8360655737704918,0.006069097987961277,0.050516842660334675,0.6233978496099849,0.5728810069496504,0.5524973409018489,0.5464282429138873,0.19864604988421203,8
30,288,Ghana,0.31682882239138366,0.4614884123404956,1.456585953440851,0.7049180327868853,0.011034283937117362,0.4089777357325783,1.3199658761463675,0.9109881404137888,1.023730464875651,1.0126961809385335,0.2819533983262665,10
30,348,Hungary,0.23195225048021448,0.4527568708204839,1.9519399785220193,0.5901639344262295,-0.013435452839823968,0.2085180103444337,2.8019306164652074,2.5934126061207743,2.362628273639149,2.3760637264789737,0.29162370756579165,6
30,360,Indonesia,0.14772284083764967,0.1108393617330858,0.7503197278401954,0.9262295081967213,0.0004594400302463386,-0.018012942177574574,2.592550075800785,2.61056301797836,2.5602280204358183,2.559768580743949,0.3963732064997211,7
30,368,Iraq,0.6807269424390301,1.2027607367843258,1.7668769396358248,0.6229508196721312,-0.1624309852752004,0.08906586179907025,1.555434990450377,1.4663691286513063,-0.024429714529588056,0.13800127074561191,0.29517624902112527,5
30,404,Kenya,0.13343439604250848,0.22859630023493072,1.7131737169335732,0.6311475409836066,0.011538622066167252,-0.045906934068166184,1.1272201193413591,1.1731270534095255,1.228270438752152,1.2167318166859848,0.27119882345386725,7
30,458,Malaysia,0.15043911695198256,0.13956794053040159,0.9277370364713663,0.8770491803278688,0.033026132414567665,-0.022553830881973436,3.0718656378045393,3.094419468686513,3.028674758000773,2.995648625586206,0.45787478163503387,4
30,484,Mexico,0.4518868443267523,1.0476695480961802,2.318433389352284,0.4918032786885246,0.37670445442199707,1.0401417868477958,4.424514378820147,3.3843725749424527,4.028902118856257,3.6521976644342597,1.0,1
30,504,Morocco,0.11186641876789144,0.35758270237729634,3.1965151500848066,0.29508196721311475,-0.006675884316481907,-0.20389725538308417,1.2875739227960694,1.4914711781791536,1.3913837974908339,1.3980596818073154,0.19319748618334143,11
30,508,Mozambique,0.8606217287119811,0.44291938011014237,0.514650473411846,0.9754098360655737,0.0011112437693960864,0.09888736153927316,1.3178698274413545,1.2189824659020807,1.292588835980087,1.291477592210691,0.39976973354052825,6
30,524,Nepal,0.4077996430360443,0.3016854285140408,0.7397883584890133,0.9344262295081968,0.23614691659349604,-0.005048062782505152,-0.527458350448436,-0.5224102876659309,-0.007711135348433535,-0.2438580519419298,0.7883031031722718,3
30,566,Nigeria,0.5445948619259532,0.8087453004676562,1.4850402693986833,0.7049180327868853,0.014397495838828413,-0.05125871729071279,0.4707385830005837,0.5219973002912965,0.9646630142806402,0.9502655184418121,0.6487770152554071,4
30,586,Pakistan,0.11440518339798818,0.22655956448042028,1.9803260459998033,0.5655737704918032,0.006316029815316767,0.06411982046941775,1.586727742704637,1.5226079222352191,1.798324712125742,1.7920086823104255,0.34117743158334796,8
30,604,Peru,0.1347392122315292,0.27936676978399083,2.0733887719629887,0.5573770491803278,0.0048793466980006995,-0.2238392170924326,0.8332375309407404,1.057076748033173,1.3433136832391734,1.3384343372473826,0.236884635036966,9
30,608,Philippines,0.15387346144041614,0.13072999074059993,0.849594137395954,0.9098360655737705,0.005752252412775402,-0.019815454367473034,1.9545513603151765,1.974366814682649,1.994491560678113,1.9887393082653382,0.373715542956421,7
30,616,Poland,0.2124912484158461,0.47994246573918165,2.258645799849284,0.4918032786885246,-0.03055354740529692,0.359944606687729,3.896051958138503,3.5361073514507746,2.873950936582939,2.9045044839882355,0.3806688983735704,4
30,634,Qatar,0.28292669506667906,0.24778639544167547,0.875797157929117,0.9098360655737705,0.007490512743436534,0.012267866819458748,1.8310296855943378,1.818761818774879,2.006487598859722,1.9989970861162858,0.36991710944050066,5
30,642,Romania,0.16480681072243233,0.31412617160965317,1.90602663951009,0.5983606557377049,-0.010697818276660971,0.13987773721024171,2.2648521427370607,2.1249744055268187,1.6525065601758122,1.6632043784524735,0.3946881116388251,5
30,643,Russia,0.09965537730009677,0.29146251152262187,2.9247043101841617,0.3360655737704918,-0.0043312590509527035,0.0005072934208671624,2.495101883807486,2.494594590386619,2.611900719899435,2.616231978950388,0.5078743036335053,6
30,682,Saudi Arabia,0.17854883150743994,0.48797388630610106,2.732999606809343,0.36065573770491804,-0.046839462807481184,0.4288626523360805,2.9557066838160932,2.5268440314800134,2.3165710577862484,2.363410521284579,0.23414543556960782,8
30,688,Serbia,0.42378206230331117,0.16261242851437527,0.38371711070203246,0.9918032786885246,-0.05094592435125172,0.06039148361333124,1.4373729646777027,1.3769814810643717,0.8047828540793668,0.8557287784306183,0.3578315426617634,5
30,699,India,0.05341113690113829,0.2172221746498079,4.066982791470565,0.22131147540983606,0.007697956556227398,0.18874917027732943,3.4880102829708766,3.2992611126935487,3.1619882575439617,3.1542903010250685,0.6534582400525234,5
30,704,Vietnam,0.1814321692409696,0.15499718006801175,0.8542982246006872,0.9098360655737705,0.01756668962002709,0.12007547137258034,3.131942510122579,3.0118670387499984,2.2529840044189515,2.2354173147989247,0.49681144478455713,6
30,710,South Africa,0.08645636813235727,0.44180281421009004,5.1101246068274335,0.12295081967213115,0.002434043528865433,0.37183323037761096,2.2544166544890736,1.882583424111463,2.2217778558521264,2.219343812323261,0.3148944088751105,6
30,764,Thailand,0.19373728721079495,0.4865869442652017,2.5115812824186654,0.45901639344262296,0.005026812936870253,0.42625045788159255,3.7220563188953166,3.295805861013725,3.167554016157629,3.1625272032207588,0.2452938069730938,5
30,784,UAE,0.19622773006583527,0.5459473543408654,2.782213065185525,0.36065573770491804,-0.05646082999405419,0.45189509709119513,3.3378663037435006,2.885971206652305,2.273273908292637,2.329734739578068,0.3232166397660719,8
30,788,Tunisia,0.13304118077546126,0.5547650851656719,4.169874935956638,0.19672131147540983,-0.012999847350211858,0.4606399691028913,1.4513091562490257,0.9906691871461347,0.9703979849633501,0.9833978323135617,0.3049971213970202,7
30,792,Turkiye,0.15757136071929487,0.5725104337214434,3.633340672492768,0.23770491803278687,-0.007221239818175199,0.49233626768614147,3.81349496827506,3.321158700588918,2.7191187949442726,2.726340034762448,0.360216179277706,6
30,804,Ukraine,0.1635189624720781,0.5672986987285176,3.469314446178604,0.2459016393442623,-0.0051728988810208635,0.5371694922452535,2.241396061020633,1.7042265687753795,2.408338611396225,2.413511511198672,0.24444908157691622,8
30,818,Egypt,0.09171050118624194,0.19656577304084863,2.143328959043315,0.5163934426229508,-0.004235441434387008,-0.13889218505144565,0.8983730470078184,1.0372652320592641,1.0673980277609345,1.0716334691953215,0.2949113643642199,10
121,12,Algeria,0.49093897760789124,1.3603874138161842,2.770990847874202,0.5327868852459017,0.028064538688525178,1.1288357693641555,2.5271776182539947,1.3983418488898394,2.326016176701532,2.297951639329545,0.34794577290400525,10
121,32,Argentina,0.14599819344363457,0.20970946471980365,1.4363839700575887,0.860655737704918,0.0012394705284817231,0.09568191327530225,1.9463628090736964,1.8506808957983942,2.314148786104278,2.3129093165012082,0.28388161077643015,9
121,50,Bangladesh,0.06530598988167996,0.17177211613999546,2.630265867667095,0.5573770491803278,-0.0030916983881432085,-0.029714317192585344,1.339700037406693,1.3694143545992785,1.239480292319947,1.2425719921100729,0.5465955259453326,8
121,68,Bolivia,0.1482629650431914,0.953357056717455,6.430176655645101,0.21311475409836064,0.010139992423135048,-0.7937297435158959,0.40004616639528706,1.193775909911183,1.0469312898681964,1.0367912974450613,0.3437200072044726,10
121,76,Brazil,0.0933625187604627,0.3583375646483071,3.838130862425452,0.4098360655737705,0.00927459671528992,0.340422125033817,2.851444870005829,2.511022744972012,2.8842324222512916,2.8749578255360024,0.21725033894516588,10
121,100,Bulgaria,0.10797572305839437,0.4150478037917032,3.8438992769443288,0.4098360655737705,-0.01621899104822361,0.3397929787652388,1.753486717403332,1.4136937386380926,0.8458474914122984,0.8620664824605219,0.4073122320790211,3
121,152,Chile,0.12119115263449597,0.616970111707548,5.090884097523906,0.29508196721311475,0.00796063509164559,0.572258609212782,2.6653142441330027,2.0930556349202205,2.3586232510711618,2.3506626159795156,0.1794749734787521,11
121,170,Colombia,0.07847390685261842,0.42606521815186377,5.429387107641467,0.26229508196721313,0.002106724429139337,0.26983996859669535,1.277131315881965,1.0072913472852691,0.9240467413076736,0.9219400168785342,0.3092549738932931,15
121,191,Croatia,0.08923572585850945,0.40321556866834085,4.518544168147096,0.32786885245901637,-0.010270318371420884,0.2590004769733449,1.0612769112068077,0.8022764342334625,0.4666233555021945,0.47689367387361536,0.3014887532248813,7
121,218,Ecuador,0.05179468870195176,0.43326019275001243,8.364954083287811,0.1557377049180328,0.0042929965507861574,0.4046160312829191,1.1066537322042465,0.7020377009213268,0.6698844901853964,0.6655914936346103,0.18847563119336602,14
121,288,Ghana,0.125674583806925,0.8123843213771144,6.464189470682375,0.21311475409836064,0.004345356159021813,0.6617946306129163,1.52504054092436,0.863245910311444,0.8015644758606109,0.7972191197015891,0.14544588348701398,15
121,348,Hungary,0.22829479624247095,0.5679335038474794,2.487719883217485,0.5819672131147541,-0.01208673090644028,0.3062080110546317,3.2453207026234248,2.9391126915687935,2.8699788787023297,2.8820656096087696,0.3016023156895244,7
121,360,Indonesia,0.14777507998889633,0.11831059823181442,0.8006126489033479,0.9672131147540983,0.00028597585735471646,-0.040504023602623285,2.571612641327136,2.61211666492976,2.5543374468869953,2.5540514713134588,0.38646906321995417,8
121,368,Iraq,0.6807270345322676,1.2027616452376102,1.7668780351349442,0.7540983606557377,-0.162431092737195,0.08908726800515002,1.5554174168304697,1.4663301488253195,-0.02445144031743302,0.13797965241976148,0.295174555085031,5
121,404,Kenya,0.10851223750897013,0.13875786028124912,1.278730062770835,0.8852459016393442,0.013362226357319424,0.041225693976373094,1.328591026299269,1.287365332322896,1.2490098517290078,1.2356476253716884,0.15255116103443192,16
121,458,Malaysia,0.14786540726703246,0.13863583144056313,0.9375812369028174,0.9508196721311475,0.032802897251247014,-0.019859991181857557,3.077367669997996,3.097227661179854,3.0372022446871103,3.004399347435863,0.45109849666466867,4
121,484,Mexico,0.2999798435942371,0.39474265004128833,1.3158972460004033,0.8852459016393442,0.19363173117710494,0.3683528933132605,5.502934045716186,5.134581135373028,5.1840340971849965,4.990402366007891,0.5169297671059628,4
121,504,Morocco,0.07840456479853163,0.20238740377432063,2.5813216908272536,0.5573770491803278,-0.006331557373372754,0.006334208206488588,1.6386619537250564,1.6323277455185676,1.2391549460903444,1.245486503463717,0.17006855751675357,14
121,508,Mozambique,0.7599917963207409,0.38348656205630627,0.5045930283890363,0.9918032786885246,0.0007502856069377243,0.22705003914430286,1.2899162065433583,1.0628661673990547,1.2711259358191622,1.2703756502122248,0.3682058909852411,8
121,524,Nepal,0.17160894184668357,0.16006890950326638,0.9327538983736225,0.9508196721311475,0.01697182394742459,-0.05121021717654122,0.7758936922990907,0.8271039094756321,1.0322623920678826,1.0152905681204585,0.23016794404101856,10
121,566,Nigeria,0.5100739211316421,0.7077932466688818,1.3876287678040522,0.8688524590163934,0.015549849276404964,0.021536432567045516,1.3550096839456263,1.3334732513785819,1.6565175884832166,1.6409677402651177,0.22933985931142653,8
121,586,Pakistan,0.05105109018600275,0.26354169523355614,5.162312778695847,0.2786885245901639,0.00966616371339852,-0.18794198546053148,1.420562859308102,1.6085048447686336,1.901069289816836,1.8914031262670874,0.17249206901279604,12
121,604,Peru,0.0968252972391466,0.19040320227453025,1.9664613247120504,0.7131147540983607,0.0072996581532159465,-0.13776886554497655,1.133800870617964,1.27156973616294,1.5124640719258358,1.50516441477724,0.1648099344435862,13
121,608,Philippines,0.14327548369198229,0.14451563794433,1.0086557324420822,0.9508196721311475,0.005682612144306545,0.054396474530223164,2.164734661861483,2.11033818733126,2.161772880551014,2.1560902684067074,0.31699146120472854,7
121,616,Poland,0.21195918449587128,0.47462715275084333,2.239238435832388,0.6639344262295082,-0.030751132116072076,0.3560668061324518,3.8916825222375806,3.5356157161051285,2.880527409193381,2.9112785413094526,0.37607757274212544,4
121,634,Qatar,0.2230549555399261,0.320635883602037,1.4374748268914572,0.860655737704918,0.004674946329070021,-0.11188235596703204,1.974185465842392,2.086067821809424,2.005108844748701,2.0004338984196313,0.3164192187586468,9
121,642,Romania,0.16640511844919081,0.3711519052878302,2.2304115927849635,0.6639344262295082,-0.010407372536684749,0.1868475399769249,2.4932813523784363,2.3064338124015116,1.928582935683999,1.938990308220684,0.39040316133922703,6
121,643,Russia,0.08566447079210458,0.28234823076147797,3.295978229372323,0.4672131147540984,-0.004764736828995556,-0.0047194784317817285,2.563823466227206,2.568542944658988,2.7212306980833394,2.7259954350635702,0.40407617176601945,9
121,682,Saudi Arabia,0.1628851489398482,0.2234047261668245,1.3715475451314811,0.8688524590163934,-0.03373139381877086,0.0952706750247047,2.7097603603816713,2.614489685356967,2.497281226763457,2.5310126205822274,0.21735721884910456,8
121,688,Serbia,0.2668405252445194,0.2917725236645155,1.0934340778903417,0.9344262295081968,-0.03765457872358438,0.08643410293044283,1.9539696127886448,1.8675355098582023,1.4390990933243968,1.4767536720479812,0.3394866525450983,8
121,699,India,0.1011210071185344,0.2036134907903256,2.0135627264041105,0.7131147540983607,0.01317800585635938,0.17289809407532156,3.3992433969404283,3.2263453028651066,3.1508042581301563,3.137626252273796,0.37603475634841044,6
121,704,Vietnam,0.17349498619947845,0.16096333998687373,0.9277694042512775,0.9508196721311475,0.016619268692353518,0.1270294038641108,3.1546637909689395,3.0276343871048295,2.265552858782291,2.2489335900899374,0.4740262668519715,6
121,710,South Africa,0.07981881560402473,0.4752313882393446,5.95387672246269,0.2459016393442623,-0.0008288795783909609,0.4047584188343328,2.401438877822083,1.9966804589877507,2.288844460158119,2.289673339869503,0.26659882073386926,9
121,764,Thailand,0.19384704581896142,0.4836312444330507,2.494911606157393,0.5737704918032787,0.004816032244051491,0.42359735552670624,3.711862250362433,3.2882648948357263,3.169266299737674,3.1644502674936232,0.24059214939473078,5
121,784,UAE,0.1405454843981536,0.3581785989555917,2.5484888432338506,0.5655737704918032,-0.022495835159249446,0.20076703001161245,3.2122516271102333,3.01148459709862,2.441388080683667,2.4638839163632182,0.3092366221885172,8
121,788,Tunisia,0.08470304394582402,0.4035237367205166,4.763981527967401,0.319672131147541,-0.006393317785600413,0.2891851834469679,1.269042811339758,0.9798576278927902,0.9386666272138554,0.9450599451881206,0.3515838828488523,8
121,792,Turkiye,0.15672681073804806,0.5629890872646357,3.5921683381001808,0.4344262295081967,-0.007493339557412432,0.48386240836940103,3.7961048578557843,3.3122424494863836,2.726350863332935,2.7338442028903476,0.35325059028591427,6
121,804,Ukraine,0.148456674253577,0.24376511673654103,1.6419949992963527,0.7786885245901639,0.0004931139639005145,0.14553635518589186,1.4781109566433095,1.3325746014574178,1.9555284649986788,1.9550353510347784,0.21655146532696803,8
121,818,Egypt,0.03748254043251212,0.182084794026968,4.857856269235924,0.319672131147541,-0.0018890262005915744,0.12936333032108435,1.2915990714387349,1.162235741117651,0.9739265839179567,0.9758156103307623,0.26131403724913477,13
