i,name,pre,post,ratio,p,gap_pre,gap_post,n_pos,val,fit_ratio,credible,outcome
12,Algeria,0.8463768180153871,1.1834063329573086,1.3982026773041818,0.7131147540983607,0.13430645793326657,0.7060782458253413,4,125474.0859375,2.286932517911933,False,A. log US exports
32,Argentina,0.17784334569798624,0.2100113202430167,1.1808781454193857,0.8032786885245902,0.023160667337797234,0.1729353677700285,9,3627914.75,0.48053741751181084,True,A. log US exports
50,Bangladesh,0.3305176561225405,0.29158777727356744,0.8822154334939986,0.9262295081967213,0.30121772635398597,0.27528260678869615,3,6199558.5,0.8930674369166504,True,A. log US exports
68,Bolivia,0.2567869366065887,0.9912221406461234,3.860095664308378,0.1885245901639344,0.01558499981262655,-0.9115314267020584,7,802726.5,0.6938450853103606,True,A. log US exports
76,Brazil,1.5242729344307244,1.4511511345797048,0.9520284076431963,0.9016393442622951,1.5205196172116253,1.4495451241681854,3,20568666.0,4.118625729963334,False,A. log US exports
100,Bulgaria,0.09044809438863055,0.7366632362951617,8.144596536549711,0.03278688524590164,0.0017337986219295618,0.6133603600838641,9,573555.3125,0.2443931400738891,True,A. log US exports
152,Chile,0.5152505742608268,0.7617406384883487,1.47838872296481,0.6721311475409836,0.49941016304523234,0.7557724843524581,3,7215728.0,1.392220661138736,True,A. log US exports
170,Colombia,0.09627922377945335,0.3445466643983756,3.578619050644073,0.20491803278688525,0.015573358416997574,0.22237154240043594,7,2939266.0,0.2601490057074658,True,A. log US exports
191,Croatia,0.09193674411033213,0.554222467474876,6.028302098775225,0.06557377049180328,0.003744792730673781,0.45070667623592947,16,500533.375,0.24841551094213044,True,A. log US exports
218,Ecuador,0.11531758433499946,0.342552302552875,2.970512298954815,0.29508196721311475,0.00423921827426729,0.26357299710319537,13,1600545.125,0.311591158795145,True,A. log US exports
288,Ghana,0.24259060726088644,0.27070450140640046,1.1158902830696977,0.819672131147541,0.0071674793076158235,0.233537157432556,9,104960.28125,0.6554862284458716,True,A. log US exports
348,Hungary,0.3534323662874337,0.31541363564326136,0.8924299688691978,0.9262295081967213,0.12469006308622016,0.29138759522512914,5,5330711.5,0.9549835890361057,True,A. log US exports
360,Indonesia,1.3401958711656667,1.4974932577220355,1.1173689532557325,0.819672131147541,1.3356589972494115,1.4944002693430927,3,18201104.0,3.6212446429320257,False,A. log US exports
368,Iraq,0.3229783531631837,1.4655386733532825,4.537575534087958,0.13114754098360656,-0.004681683683365392,0.8962803887184949,6,1496.8966064453125,0.8726960411823341,True,A. log US exports
404,Kenya,0.4073631231874771,0.8019303663808728,1.9685885165697916,0.5409836065573771,0.35305430241413144,0.788699967481976,4,429425.90625,1.1007059186711672,True,A. log US exports
458,Malaysia,1.9775203948374023,2.0745379577546306,1.049060208516942,0.8688524590163934,1.9671041617086298,2.069694029748626,2,35231488.0,5.343312339759147,False,A. log US exports
484,Mexico,3.940715935304563,4.09015585339097,1.0379220224293728,0.8688524590163934,3.9369009442675247,4.089993996616691,2,271554752.0,10.647918544642726,False,A. log US exports
504,Morocco,0.1287403896950873,0.48882368887596284,3.7969722635895997,0.19672131147540983,-0.0005314432969632774,0.456434590435305,16,941007.0625,0.3478599334191558,True,A. log US exports
508,Mozambique,0.7919404776972715,0.3277701865182631,0.4138823506929735,1.0,0.16069265966533372,-0.14277467727530307,4,111626.125,2.1398440885270964,False,A. log US exports
524,Nepal,0.22635487679742108,0.2628959456789627,1.161432655653558,0.819672131147541,0.055758420400834036,-0.20248919949244584,6,93132.6015625,0.6116168558938019,True,A. log US exports
566,Nigeria,0.6807613301144836,0.8563765289022313,1.2579688225801757,0.7704918032786885,0.02458718252373483,-0.5976006702391218,6,399434.15625,1.839435095146343,True,A. log US exports
586,Pakistan,0.16558721511781752,0.2621065049978264,1.5828909545421976,0.6065573770491803,0.13724388987305083,0.25218510028710867,4,3743190.75,0.44742102895891317,True,A. log US exports
604,Peru,0.16692738823852113,0.13820790448274972,0.8279522368448347,0.9344262295081968,0.06525432272192978,0.023930887651723052,5,4102768.0,0.4510422121294958,True,A. log US exports
608,Philippines,0.8759489088438761,0.8810049414919533,1.0057720634126373,0.8770491803278688,0.8571527096768506,0.8585781237325494,4,10618337.0,2.366837088428049,False,A. log US exports
616,Poland,0.3392088295437355,0.5583109394187519,1.6459210102806794,0.5655737704918032,0.12532366780195792,0.5543168738531757,5,6052428.0,0.9165512170635935,True,A. log US exports
634,Qatar,0.2584688554351097,0.24669248893763393,0.9544379670902658,0.9016393442622951,0.023162686192114732,0.2002335366344532,8,733645.0,0.6983896744101097,True,A. log US exports
642,Romania,0.1997494053845106,0.44643809140661284,2.2349908403844063,0.47540983606557374,0.045414639027339956,0.40856322052573013,8,2028950.0,0.5397281693968908,True,A. log US exports
643,Russia,0.7228004045667981,0.6047283519593942,0.8366463938572795,0.9344262295081968,0.7114189796668569,0.33348047581855994,4,7965560.5,1.9530257847086496,True,A. log US exports
682,Saudi Arabia,0.10676440009314209,0.37646313176139246,3.5261110579272033,0.20491803278688525,0.007481176598085943,0.3614493276577629,11,1478579.625,0.2884802290555264,True,A. log US exports
688,Serbia,0.39778229059508735,0.5348808057520371,1.3446571614634946,0.7377049180327869,-0.023945265831052123,0.38880242783479346,8,302450.90625,1.07481825594479,True,A. log US exports
699,India,2.104625517305451,2.4337365086272547,1.1563750836505888,0.819672131147541,2.0947937816240216,2.4323711148887415,3,44272352.0,5.686753737937984,False,A. log US exports
704,Vietnam,1.7304520906218521,2.812153355973669,1.625097494009845,0.5901639344262295,1.6679630995716999,2.803926167462529,3,42132400.0,4.675727255870865,False,A. log US exports
710,South Africa,0.6193697802019382,0.7566181593359015,1.2215935996896958,0.7950819672131147,0.6026113159277948,0.734630762931898,4,6633166.0,1.6735535057270767,True,A. log US exports
764,Thailand,1.8220551324326228,2.1228361536044713,1.1650778924402119,0.819672131147541,1.8183646997954783,2.1203062476395025,3,30043534.0,4.92324109438539,False,A. log US exports
784,UAE,0.3016513588439257,0.6364373999860201,2.109844299807423,0.5327868852459017,0.051632369259868256,0.6245505762392735,8,2599731.0,0.8150699392146553,True,A. log US exports
788,Tunisia,0.10426123786731649,0.5925862527347922,5.683667917782841,0.07377049180327869,-0.003632221201933819,0.46394498156479663,13,400593.125,0.2817166186044834,True,A. log US exports
792,Turkiye,0.47447047318895935,0.7616367656107468,1.605235327905057,0.6065573770491803,0.4018706754013607,0.756007858263336,4,8030557.5,1.2820317509040828,True,A. log US exports
804,Ukraine,0.39099492586694573,0.3376240191894614,0.8634997460410873,0.9262295081967213,0.018572506948334514,0.0056772144606763875,7,670192.0,1.0564786171724136,True,A. log US exports
818,Egypt,0.14477851513707996,0.06629243322761412,0.45788861119929825,1.0,-0.0012666272020917676,0.022145333707037196,13,1457169.125,0.3911953719837986,True,A. log US exports
12,Algeria,0.8501045770247384,1.1793298305767173,1.3872761804250329,0.7213114754098361,0.13424718039870306,0.6944874126627523,4,125474.0859375,2.3462024254128586,False,B. log share of US mkt
32,Argentina,0.17998488588684977,0.22442683383018147,1.2469204440381223,0.7868852459016393,0.016860113134884166,0.18607075881309548,7,3627914.75,0.4967400331889931,True,B. log share of US mkt
50,Bangladesh,0.3299177132179026,0.2913109109282974,0.8829805107672217,0.9180327868852459,0.30047832833157445,0.2750026135299769,3,6199558.5,0.9105394322750267,True,B. log share of US mkt
68,Bolivia,0.2568412750013628,0.9918670106063774,3.8617897789251927,0.1885245901639344,0.015681713070134086,-0.9118843787814525,6,802726.5,0.7088558733130929,True,B. log share of US mkt
76,Brazil,1.500739255097665,1.399314768348434,0.9324169828937868,0.8934426229508197,1.4983366619456897,1.3979251725333077,1,20568666.0,4.141888157508373,False,B. log share of US mkt
100,Bulgaria,0.09724408005848102,0.9116076728290678,9.374428471952655,0.02459016393442623,0.003495725790468317,0.747814599432612,7,573555.3125,0.26838379965999287,True,B. log share of US mkt
152,Chile,0.476089614762963,0.5949524612971602,1.249664858985376,0.7868852459016393,0.46394571056553924,0.5839581274135538,2,7215728.0,1.313959057578668,True,B. log share of US mkt
170,Colombia,0.09066739601483782,0.33235712028112524,3.665674044799242,0.21311475409836064,0.012953562730758346,0.21490136819210562,6,2939266.0,0.25023281862613744,True,B. log share of US mkt
191,Croatia,0.09178727619734603,0.6777065581775766,7.383447752828862,0.03278688524590164,0.006314563491665804,0.5557516310516716,11,500533.375,0.2533235743653529,True,B. log share of US mkt
218,Ecuador,0.11041242403804825,0.3673240542311046,3.3268362453895977,0.22950819672131148,0.0036572010510007983,0.29698747503718576,12,1600545.125,0.3047270936717276,True,B. log share of US mkt
288,Ghana,0.24227419566592073,0.2673097309706312,1.1033355419296602,0.8442622950819673,0.006979162774777462,0.23096806845654833,9,104960.28125,0.6686522115617209,True,B. log share of US mkt
348,Hungary,0.39410082586296885,0.2747792766558312,0.6972309079894533,0.9590163934426229,0.12912676580490698,0.25136427060345035,5,5330711.5,1.0876783145116518,True,B. log share of US mkt
360,Indonesia,1.308948970076191,1.4168297131047898,1.0824178371310529,0.860655737704918,1.304097573885882,1.4128900158468565,2,18201104.0,3.612566419866545,False,B. log share of US mkt
368,Iraq,0.3287923651315593,1.4476496073009826,4.402929510609945,0.13934426229508196,-0.005370933369341105,0.8726658478882179,7,1496.8966064453125,0.9074335856757141,True,B. log share of US mkt
404,Kenya,0.40741525592056366,0.8010185767905632,1.9660986306971846,0.5491803278688525,0.3531908991898875,0.7878097284784309,4,429425.90625,1.1244247912844851,True,B. log share of US mkt
458,Malaysia,1.9561683343590686,2.045524927422659,1.0456793985947368,0.860655737704918,1.9510288765197785,2.042276603777643,2,35231488.0,5.398826232240743,False,B. log share of US mkt
484,Mexico,3.9258881706510507,4.064886487625074,1.0354055721742508,0.860655737704918,3.9220098798925225,4.064596329416547,1,271554752.0,10.835053235589278,False,B. log share of US mkt
504,Morocco,0.1268016204808653,0.4688231518129619,3.6972962177853916,0.21311475409836064,-0.00013198022313246324,0.4291204190173249,14,941007.0625,0.34995961386269486,True,B. log share of US mkt
508,Mozambique,0.8004603002627317,0.29740278247293117,0.37153970331235153,1.0,0.16789147590658696,-0.008801917334959544,4,111626.125,2.209189255863134,False,B. log share of US mkt
524,Nepal,0.21918522678052774,0.2499088496027014,1.140171959914696,0.8278688524590164,0.05596969538618621,-0.17254293770123372,7,93132.6015625,0.604928998837959,True,B. log share of US mkt
566,Nigeria,0.6790978952674919,0.8587699200018757,1.2645745569033346,0.7704918032786885,0.024617880064133436,-0.6001084349648979,5,399434.15625,1.8742413251622703,True,B. log share of US mkt
586,Pakistan,0.14251546699610057,0.24523424573994174,1.7207553040306265,0.5655737704918032,0.11142395103998966,0.23446742136988658,4,3743190.75,0.3933282367392395,True,B. log share of US mkt
604,Peru,0.15588832518509238,0.14807973076900102,0.9499090492708809,0.8934426229508197,0.043266265517147524,-0.06127721361054788,4,4102768.0,0.43023596922966434,True,B. log share of US mkt
608,Philippines,0.8527021890131387,0.8686939513901654,1.0187542175721802,0.8688524590163934,0.8336432468022772,0.8478607490103754,3,10618337.0,2.353371571082908,False,B. log share of US mkt
616,Poland,0.35624310428637407,0.5126854463729766,1.4391448990991356,0.7213114754098361,0.11076610533614377,0.5027125770757482,4,6052428.0,0.9831948420258584,True,B. log share of US mkt
634,Qatar,0.26097471770199937,0.28673522055443035,1.0987088062754273,0.8442622950819673,0.022635129374593402,0.2515700313436134,5,733645.0,0.7202637560038085,True,B. log share of US mkt
642,Romania,0.2165539651559672,0.3976448926083269,1.8362392594471029,0.5491803278688525,0.043457014264418656,0.3669557488048615,6,2028950.0,0.5976669835844404,True,B. log share of US mkt
643,Russia,0.6810744299686985,0.533817255299699,0.7837869575051184,0.9426229508196722,0.6697445768204658,0.17182138666038874,2,7965560.5,1.8796963605017032,True,B. log share of US mkt
682,Saudi Arabia,0.11201118296071505,0.33550145836447476,2.9952496661172034,0.29508196721311475,0.0049400212188237735,0.319561501149802,7,1478579.625,0.3091395061717748,True,B. log share of US mkt
688,Serbia,0.39549927076876884,0.5752534528444165,1.454499402050079,0.6967213114754098,-0.02288843575224998,0.37378746765974163,8,302450.90625,1.0915378806385365,True,B. log share of US mkt
699,India,2.086024486215831,2.3802500541471425,1.1410460758612924,0.8278688524590164,2.0750517411665483,2.3783634390149797,1,44272352.0,5.75721604294782,False,B. log share of US mkt
704,Vietnam,1.6967692871099824,2.7196963368740397,1.6028674950301316,0.5983606557377049,1.6328224725912932,2.7095801256194036,2,42132400.0,4.68291116690181,False,B. log share of US mkt
710,South Africa,0.5905161624325326,0.6448942338287823,1.0920856614190684,0.860655737704918,0.572023151505501,0.6179005627556665,3,6633166.0,1.629764725410229,True,B. log share of US mkt
764,Thailand,1.7891996327222375,2.0507192317530123,1.146165690092881,0.8278688524590164,1.7870671850655784,2.0464262502183344,2,30043534.0,4.938009547640103,False,B. log share of US mkt
784,UAE,0.2807502295385891,0.46358256979833734,1.6512277498765784,0.5737704918032787,0.041609758045001465,0.4488009337454021,6,2599731.0,0.7748421632830311,True,B. log share of US mkt
788,Tunisia,0.10199232994167018,0.6004757534029043,5.887459907488325,0.07377049180327869,-0.003787246057568729,0.4593737654764813,11,400593.125,0.28148848782835284,True,B. log share of US mkt
792,Turkiye,0.46852629900263676,0.7020759466351718,1.4984771359253426,0.6639344262295082,0.3949454181992213,0.6950603402852783,3,8030557.5,1.29308507305885,True,B. log share of US mkt
804,Ukraine,0.38970583095898564,0.34775300566345885,0.8923474529691036,0.9098360655737705,0.02637607271941929,0.006195216617712163,6,670192.0,1.0755485742631148,True,B. log share of US mkt
818,Egypt,0.13385483196472733,0.07443331409245292,0.5560749133962318,0.9672131147540983,-0.0016249841674187819,-0.01798452833847922,12,1457169.125,0.3694257623079883,True,B. log share of US mkt
12,Algeria,0.5959370384711519,2.3325593046106814,3.9141035948944394,0.1651376146788991,-0.056743812962235456,-2.0984883529813967,3,125474.0859375,1.4241123548914119,True,"C. log US exports, decoupling sectors"
32,Argentina,0.21433822627478372,0.3662240468478211,1.7086268427840692,0.6055045871559633,0.011449602324182512,-0.312477216179576,6,3627914.75,0.5122046398500647,True,"C. log US exports, decoupling sectors"
50,Bangladesh,0.48474618160106164,0.2681740569564597,0.5532257233480647,0.981651376146789,0.45892143439547906,0.2368258054628163,2,6199558.5,1.1583992630757176,True,"C. log US exports, decoupling sectors"
68,Bolivia,0.12722317589585277,0.2831189200170888,2.2253722092966393,0.45871559633027525,0.004208529124453716,-0.2033571599779247,7,802726.5,0.3040255680140575,True,"C. log US exports, decoupling sectors"
76,Brazil,0.23204004263009712,0.4221349677577492,1.8192332796227282,0.5779816513761468,0.09615495195072864,0.3997005239023966,5,20568666.0,0.5545067183385811,True,"C. log US exports, decoupling sectors"
100,Bulgaria,0.1466807810679638,0.2979122832984503,2.0310246586457303,0.5229357798165137,0.00953286986188815,0.18777229319582947,11,573555.3125,0.35052345979351557,True,"C. log US exports, decoupling sectors"
152,Chile,0.10824176334245823,0.48460636547094804,4.4770738253564595,0.1559633027522936,0.012061718882077603,0.44624069449445514,11,7215728.0,0.2586656350252831,True,"C. log US exports, decoupling sectors"
170,Colombia,0.0641037047183339,0.47247203876849986,7.370432658213763,0.08256880733944955,0.005124863614981414,0.4133812578344508,10,2939266.0,0.15318879678613803,True,"C. log US exports, decoupling sectors"
191,Croatia,0.11032802462129059,0.293871353073633,2.6636147441447355,0.3302752293577982,0.005343923934541195,0.23089186771537307,12,500533.375,0.2636511792538125,True,"C. log US exports, decoupling sectors"
218,Ecuador,0.1047912832846529,0.8845017458326723,8.440604200160712,0.06422018348623854,-0.0005218249034810315,0.8586233775247466,13,1600545.125,0.2504200134857438,True,"C. log US exports, decoupling sectors"
288,Ghana,0.23118117333795882,0.341639333846861,1.4777991170908444,0.6605504587155964,0.008038843597514823,0.22909908568797807,8,104960.28125,0.5524542760649663,True,"C. log US exports, decoupling sectors"
348,Hungary,0.1812055922799819,0.2383374809197274,1.3152876681171664,0.7064220183486238,0.0485126723433011,0.17902990175007286,5,5330711.5,0.43302749465509194,True,"C. log US exports, decoupling sectors"
360,Indonesia,1.110306491604642,0.6398622102891663,0.5762933164197049,0.981651376146789,1.107469992204146,0.6161478587559291,1,18201104.0,2.653302430180887,False,"C. log US exports, decoupling sectors"
368,Iraq,0.6369477737051268,1.2474587086904778,1.958494495449772,0.5504587155963303,0.05146871230416128,0.7569175519785151,5,1496.8966064453125,1.5221158199549638,True,"C. log US exports, decoupling sectors"
404,Kenya,1.6578399030318176,0.5218938184452618,0.3148035087651317,1.0,1.3520316210660068,0.4777970995221819,1,429425.90625,3.961744506427218,False,"C. log US exports, decoupling sectors"
458,Malaysia,1.549791328303577,0.8285649383566068,0.5346300003262797,0.981651376146789,1.525796283375133,0.8145102092197963,1,35231488.0,3.703540534756569,False,"C. log US exports, decoupling sectors"
484,Mexico,3.215828196562562,2.7480821508494926,0.8545488076094834,0.8807339449541285,3.2143865932117808,2.7383593150547574,1,271554752.0,7.684873351188099,False,"C. log US exports, decoupling sectors"
504,Morocco,0.07813382830542365,0.5223103089497899,6.684816554848546,0.08256880733944955,-0.0007625457580906088,0.442097500617406,17,941007.0625,0.1867166211218881,True,"C. log US exports, decoupling sectors"
508,Mozambique,0.8744093909014231,0.7481410274685399,0.8555958287425139,0.8807339449541285,-0.04556949949253986,-0.04463176850210436,6,111626.125,2.089578489718375,False,"C. log US exports, decoupling sectors"
524,Nepal,0.2771969503652445,0.8098614199267804,2.921610136257554,0.26605504587155965,0.11379071047560077,-0.7447907314121218,4,93132.6015625,0.6624183030578249,True,"C. log US exports, decoupling sectors"
566,Nigeria,1.5434003896509836,1.001542150730393,0.6489192029793879,0.9724770642201835,0.004765596247653259,-0.9558619623925095,5,399434.15625,3.6882680913490233,False,"C. log US exports, decoupling sectors"
586,Pakistan,0.25081503455311366,0.4659589280053458,1.8577790954021631,0.5779816513761468,0.23963101007056717,0.44438136812158924,2,3743190.75,0.5993733673878643,True,"C. log US exports, decoupling sectors"
604,Peru,0.20011345556568813,0.1313502118317221,0.6563787100693277,0.963302752293578,0.0026638682039558407,-0.004981969350966509,12,4102768.0,0.47821166675966814,True,"C. log US exports, decoupling sectors"
608,Philippines,0.3410419444862463,0.27701584044092525,0.8122632565276641,0.8990825688073395,0.32122088966969464,0.15953539328506597,2,10618337.0,0.8149888584288175,True,"C. log US exports, decoupling sectors"
616,Poland,0.16662310967705338,0.4198311980827418,2.5196456775800957,0.3486238532110092,0.056455554287988624,0.38260792183732256,6,6052428.0,0.3981796964831633,True,"C. log US exports, decoupling sectors"
634,Qatar,0.43559598021290996,1.0637856664110141,2.442138391385197,0.3669724770642202,-0.032441007162249284,0.9459863115575251,7,733645.0,1.040944893698312,True,"C. log US exports, decoupling sectors"
642,Romania,0.18864974530342238,0.398908495965873,2.114545637600902,0.48623853211009177,0.03121344912454337,0.3240741614711555,7,2028950.0,0.45081680729721435,True,"C. log US exports, decoupling sectors"
643,Russia,0.14093547723675534,0.6645772573900333,4.715471720960792,0.1559633027522936,0.0012901550299912014,-0.1474726549077245,13,7965560.5,0.3367938916672931,True,"C. log US exports, decoupling sectors"
682,Saudi Arabia,0.11117455979949376,0.28961952228113436,2.6050880957250544,0.3486238532110092,0.005485078215229225,0.23645481614792146,10,1478579.625,0.26567414666195033,True,"C. log US exports, decoupling sectors"
688,Serbia,0.30595957570681487,1.397414278378386,4.5673166958417255,0.1559633027522936,-0.012422209830020847,1.339285286834075,7,302450.90625,0.7311524267382848,True,"C. log US exports, decoupling sectors"
699,India,1.1091226502814113,0.9200531145952648,0.8295323464558452,0.8990825688073395,1.1023479808460583,0.9067626680646624,1,44272352.0,2.6504734013644056,False,"C. log US exports, decoupling sectors"
704,Vietnam,1.7287488339694959,2.2383916481207136,1.294804429733724,0.7064220183486238,1.6747094067660244,2.2374729428972517,1,42132400.0,4.131195770741238,False,"C. log US exports, decoupling sectors"
710,South Africa,0.09178505529971703,0.21018559336370995,2.2899762132012134,0.44036697247706424,-0.00010649322339711438,0.1372772632104959,14,6633166.0,0.21933899524361583,True,"C. log US exports, decoupling sectors"
764,Thailand,1.4074966264695572,1.1042844216081575,0.7845734056059864,0.908256880733945,1.4050215807828037,1.0981381280081612,1,30043534.0,3.3634985003878217,False,"C. log US exports, decoupling sectors"
784,UAE,0.1650292975884688,0.5083050559868252,3.080089798687614,0.22935779816513763,0.017280897807168894,0.4309179400329697,10,2599731.0,0.39437095941833583,True,"C. log US exports, decoupling sectors"
788,Tunisia,0.10393625258730844,0.25687949162340107,2.4715100384018305,0.3577981651376147,0.0026422198880639318,-0.014872012035019009,13,400593.125,0.24837674431250445,True,"C. log US exports, decoupling sectors"
792,Turkiye,0.12287523428970255,0.4690905033958561,3.8176163496859172,0.1743119266055046,0.027242988194823233,0.45671690794393044,8,8030557.5,0.29363528018172186,True,"C. log US exports, decoupling sectors"
804,Ukraine,0.08893393646462502,0.6321863947328206,7.108494460765081,0.08256880733944955,-0.0013955395795697066,0.5797018827437024,14,670192.0,0.2125256688413256,True,"C. log US exports, decoupling sectors"
818,Egypt,0.1065834103650894,0.10120007232652233,0.9494917828194175,0.8623853211009175,-0.0012151434394844784,0.07544212474206421,14,1457169.125,0.25470266442372314,True,"C. log US exports, decoupling sectors"
