k,grp,ip,Dec,pre,gap_pre,tau,tau_aug,p_aug
1020,LOW,0.0,15.234002,0.112548890620767,0.06408165219511504,-0.06794310812235516,0.0658499554996255,0.9130434782608695
1030,LOW,0.0,13.698525,0.3485542364790904,0.09010919964135944,0.6752714694962076,-0.17188081972492142,0.8221574344023324
1040,LOW,0.0,1.2333066,3.204563663553742,-1.9921115923576693,1.8653183081792548,-0.4454104418911089,0.642570281124498
1061,LOW,0.0,1.9402626,0.5693761227292473,0.06052780835253557,0.3080880127596686,0.85105845323333,0.3955056179775281
1062,LOW,0.0,3.3546035,0.27579700960948106,-0.0035658385973746124,0.9323313689484678,1.6487089851045686,0.12110726643598616
1071,LOW,0.0,1.3663678,0.08001756241528316,-0.00400420728254341,0.7361885945529636,0.7422953200607236,0.12962962962962962
1072,LOW,0.0,0.23067021,1.6135724542737924,-0.05392450250869928,-0.1334576598839945,3.3115048762641086,0.04417670682730924
1073,LOW,0.0,3.20268,0.22797137249049668,-0.013207388012043837,0.5076846138208229,0.3288535044426677,0.6600790513833992
1074,LOW,0.0,12.091434,0.10113169570110371,-0.0024708534118846677,0.5938388640345238,0.7663105330600857,0.21649484536082475
1103,LOW,0.0,0.33263183,0.2955124979360161,-0.004147039173541584,1.7597398245890208,1.6161722782497168,0.13029315960912052
1104,LOW,0.0,0.6874891,0.7115921234856,-0.12853646898564064,2.4343184211937663,1.7665556710677053,0.1613588110403397
1200,LOW,0.0,1.3146317,0.5227607051708086,-0.1768428165614437,1.1719134697920275,0.8601068052736265,0.3808411214953271
1312,LOW,0.0,33.363693,0.12214254677439204,0.004898363029648936,0.229283656162675,0.20848329732371285,0.7153846153846154
1391,LOW,0.0,46.508713,0.2085962163595585,-0.0016044950244678607,-0.7521160636295576,-0.6042876990737399,0.3905579399141631
1393,LOW,0.0,22.977533,0.5664049889062197,0.030627668843174905,4.869099118328771,4.802395232051939,0.0044943820224719105
1394,LOW,0.0,45.49442,0.09264548172834201,-0.0031557606759216646,0.7600013800915182,0.8647919005006232,0.16470588235294117
1430,LOW,0.0,39.42334,0.20812786896318355,0.13377648483616333,0.2934436847993531,-0.06460267111087886,0.927038626609442
1511,LOW,0.0,3.013252,0.5338503913632663,0.016496013281842522,0.39127161252057796,0.41356966333962525,0.6458333333333334
1512,LOW,0.0,57.74744,0.14265129541147534,0.027227241398602654,-0.12621043757711448,-0.14367074477052855,0.8132530120481928
1610,LOW,0.0,4.67764,0.2608868524061984,0.009489510609397329,1.0184438000431673,0.28203600407103224,0.7122302158273381
1621,LOW,0.0,27.563663,0.214624647830916,0.013453332919015988,2.1117810638310814,2.9179160514984552,0.01680672268907563
1622,LOW,0.0,26.799053,0.6609165048640334,-0.010099538592171407,1.7626151816661224,0.8232791775618176,0.42094017094017094
1623,LOW,0.0,2.2774494,0.4712076016932324,0.002388719440120969,0.897941280044857,0.8204267160900912,0.38929440389294406
1629,LOW,0.0,55.978687,0.09744838406057238,0.006253327928596907,-0.032224206658167276,-0.015447933633891534,1.0
1702,LOW,0.0,44.2175,0.19207576461500617,-0.00760268472725236,0.9886909056362878,0.5952070654090121,0.38073394495412843
1811,LOW,0.0,28.927845,0.30803897465540603,-0.045544837696829626,-0.08954574529152026,-0.12169419890214911,0.8714733542319749
2011,HIGH,0.002580547,13.027546,0.279096303978532,0.0018399411799296737,0.5034004081078347,0.41834418430077697,0.5856164383561644
2021,LOW,0.0,20.131329,1.325740295617127,-0.3003671568395763,1.1669443857684083,-0.10538989222535489,0.9054325955734407
2030,LOW,0.0,23.58012,0.17277807031879147,-0.004033097900048526,1.5214656860422675,1.5565554517040425,0.10606060606060606
2211,LOW,0.0,14.947857,0.9216689904090916,0.06016209563562795,2.050030090216243,0.9806645095942661,0.363265306122449
2220,HIGH,0.00051881355,40.80645,0.14326349492203394,0.025319405810540374,1.3947706126857593,1.3103908304909837,0.1144578313253012
2392,LOW,0.0,32.211178,0.26891952084501364,0.01606233166679629,1.3280215831587334,1.0339259340693037,0.2332155477031802
2393,LOW,0.0,39.47775,0.04406037151843409,0.004822461957902682,-0.031052441452141366,-0.03342683857381945,0.9166666666666666
2399,LOW,0.0,9.748441,0.2035946647025623,0.0014677225226843145,1.1810505973733543,0.9884982088324965,0.2290748898678414
2410,HIGH,0.0135289095,4.815549,0.9549085738093753,0.11382975660075348,1.0487446704889614,1.83891383407642,0.1565040650406504
2420,LOW,0.0,4.853232,0.7271486636456976,0.05874027638305954,1.2613351183656807,1.2648549461234306,0.25690021231422505
2431,LOW,0.0,35.78831,0.4583049115273173,0.0020491563082865646,1.363183014761649,1.408697482057116,0.18362282878411912
2520,LOW,0.0,4.8647413,0.7170147959741111,-0.0336050010587668,-0.2614510024788608,-0.33907190155857103,0.7282377919320594
2593,LOW,0.0,35.254795,0.0984555607504336,0.010949423958238957,0.6978130199413073,0.562961714047187,0.2916666666666667
2599,HIGH,0.0013394124,40.651867,0.24656678756265196,0.05845084417303797,0.5102201379632039,0.36890309041596964,0.6339622641509434
2610,HIGH,0.00044642857,14.218996,1.613784869640505,-0.27644733680729544,2.5459508558550734,-1.4276604093162661,0.23493975903614459
2620,HIGH,0.0016369048,60.268562,0.348448483518947,0.05131277299086792,0.9864024427211842,2.230313015151853,0.06997084548104957
2651,HIGH,0.00034827762,14.161305,0.38022740738282124,0.011716990386428866,1.798818034509985,1.2003452438734765,0.20949720670391062
2652,LOW,0.0,16.630438,1.0725708217338668,-0.24304665209914048,-0.12440391406080842,-0.33708365116441674,0.742914979757085
2660,LOW,0.0,13.691216,0.3093170126399908,0.028516551356503005,1.4393565798899193,2.0972095718518986,0.07523510971786834
2670,LOW,0.0,31.195053,0.16425929985349794,0.004543264624819637,0.80952779683148,0.4462910357866345,0.5080213903743316
2710,HIGH,0.0022318258,21.61307,0.4337423461418845,0.07389185521704743,1.3331208887720507,1.2235951976707582,0.20725388601036268
2720,LOW,0.0,29.400682,0.3222814364391665,0.030847641641415343,1.4189911699865565,1.6367253044976533,0.13803680981595093
2731,LOW,0.0,16.3346,0.26260375612141823,0.016621473075180502,1.5195496207514196,1.3360784806514276,0.1510791366906475
2790,HIGH,0.00036375664,41.79034,0.6025772219207397,0.0986432268892989,1.366055175075017,0.28973259702299137,0.7582417582417582
2811,LOW,0.0,9.190739,1.158537899054158,0.0661154147837839,2.9614677928385778,2.8980198071267207,0.05443548387096774
2818,LOW,0.0,60.78248,0.6114826685362377,-0.0051870117760869664,2.283671805847529,2.534584346994925,0.07658643326039387
2821,LOW,0.0,10.221003,0.18119167904748137,-0.0011789714061105627,2.9077036727619614,3.1639371369947806,0.01904761904761905
2823,LOW,0.0,14.336498,1.6248208576459369,-0.03728456189335412,1.1424547706002572,1.2876324628925269,0.26706827309236947
2910,HIGH,0.00048433078,0.58895856,0.20804455641138067,0.013352227342705237,3.2012132717735238,3.124826746418156,0.017241379310344827
2920,LOW,0.0,32.857235,0.42432182217017467,0.0033999711375063413,1.3419169059687412,1.7184374712653594,0.13157894736842105
3012,LOW,0.0,5.3276014,0.39052403285134124,-0.002844396627710582,1.4716106239691964,0.8377611223375886,0.3604336043360434
3030,LOW,0.0,1.8161476,0.6688351229637896,0.051059912767138886,0.9420845121359314,1.1323956497253458,0.2899786780383795
3099,LOW,0.0,62.460392,0.222634252871702,-0.022705103827439368,-0.2540819476523257,0.03239802541646414,0.963855421686747
3100,LOW,0.0,47.97236,0.25265400296670815,0.064768879204373,1.1078029726869527,0.07060111135014857,0.9261992619926199
3211,LOW,0.0,5.969632,0.31066998512794475,0.03216935423769533,0.21393016849598467,0.178974435877427,0.8025078369905956
3212,LOW,0.0,73.322365,0.2656297873750601,-0.009316792287344196,-0.6792771510901137,-0.6502312543630455,0.3892857142857143
3220,LOW,0.0,41.86086,0.14448265735331062,-0.0032936473083683315,-0.12175847084844271,-0.16810389713816087,0.7738095238095238
3230,LOW,0.0,62.893383,0.08787117057695276,0.013833635347874983,0.3316522984611314,0.3577972565869993,0.5789473684210527
3250,LOW,0.0,13.775894,0.6693026678682231,0.06439454159367566,0.9631722074550808,-0.4244976634289963,0.6460554371002132
Wastes,LOW,0.0,7.5241275,1.3043982190674013,-0.18951545871776593,-0.2457232099444635,0.5211707766578,0.5875251509054326
